date,cash,mtm,equity
2022-01-03,55319.0,46999.45,102318.45
2022-01-04,55319.0,47866.3,103185.3
2022-01-05,55319.0,48325.9,103644.9
2022-01-06,55319.0,48470.5,103789.5
2022-01-07,55319.0,49719.25,105038.25
2022-01-10,55319.0,49935.55,105254.55
2022-01-11,55319.0,50172.1,105491.1
2022-01-12,55319.0,50031.7,105350.7
2022-01-13,55319.0,49823.05,105142.05
2022-01-14,55319.0,49885.75,105204.75
2022-01-17,55319.0,49238.65,104557.65
2022-01-18,55319.0,48241.75,103560.75
2022-01-19,55319.0,47642.2,102961.2
2022-01-20,55319.0,48151.9,103470.9
2022-01-21,55319.0,47179.45,102498.45
2022-01-24,55319.0,45365.8,100684.8
2022-01-25,55319.0,45173.5,100492.5
2022-01-27,55319.0,44450.5,99769.5
2022-01-28,55319.0,44582.65,99901.65
2022-01-31,55319.0,44687.8,100006.8
2022-02-01,55319.0,45210.55,100529.55
2022-02-02,55319.0,46345.0,101664.0
2022-02-03,55319.0,46391.65,101710.65
2022-02-04,55319.0,46427.65,101746.65
2022-02-07,55319.0,45998.5,101317.5
2022-02-08,55319.0,45154.45,100473.45
2022-02-09,55319.0,45272.35,100591.35
2022-02-10,55319.0,45171.7,100490.7
2022-02-11,55319.0,44486.2,99805.2
2022-02-14,55319.0,42549.1,97868.1
2022-02-15,55319.0,43880.2,99199.2
2022-02-16,55319.0,43123.45,98442.45
2022-02-17,55319.0,43296.55,98615.55
2022-02-18,55319.0,42944.35,98263.35
2022-02-21,55319.0,41909.35,97228.35
2022-02-22,55319.0,41075.65,96394.65
2022-02-23,55319.0,41549.5,96868.5
2022-02-24,55319.0,39502.9,94821.9
2022-02-25,55319.0,40637.35,95956.35
2022-02-28,55319.0,40360.15,95679.15
2022-03-02,55319.0,40798.3,96117.3
2022-03-03,55319.0,40253.65,95572.65
2022-03-04,55319.0,39762.85,95081.85
2022-03-07,55319.0,38846.5,94165.5
2022-03-08,55319.0,39470.05,94789.05
2022-03-09,55319.0,40686.7,96005.7
2022-03-10,55319.0,41177.8,96496.8
2022-03-11,55319.0,41484.4,96803.4
2022-03-14,55319.0,42293.5,97612.5
2022-03-15,55319.0,41764.0,97083.0
2022-03-16,55319.0,42360.55,97679.55
2022-03-17,55319.0,43209.25,98528.25
2022-03-21,55319.0,42770.5,98089.5
2022-03-22,55319.0,42869.35,98188.35
2022-03-23,55319.0,42820.15,98139.15
2022-03-24,55319.0,42453.55,97772.55
2022-03-25,55319.0,42566.05,97885.05
2022-03-28,55319.0,41966.35,97285.35
2022-03-29,55319.0,42662.2,97981.2
2022-03-30,55319.0,43098.4,98417.4
2022-03-31,55319.0,42875.2,98194.2
2022-04-01,55319.0,43042.45,98361.45
2022-04-04,55319.0,43597.0,98916.0
2022-04-05,55319.0,43776.4,99095.4
2022-04-06,55319.0,44181.1,99500.1
2022-04-07,55319.0,43860.4,99179.4
2022-04-08,55319.0,44222.65,99541.65
2022-04-11,55319.0,43662.25,98981.25
2022-04-12,55319.0,42606.25,97925.25
2022-04-13,55319.0,42814.15,98133.15
2022-04-18,55319.0,42373.9,97692.9
2022-04-19,55319.0,41656.45,96975.45
2022-04-20,55319.0,42322.15,97641.15
2022-04-21,55319.0,42716.5,98035.5
2022-04-22,55319.0,42656.65,97975.65
2022-04-25,55319.0,42352.0,97671.0
2022-04-26,55319.0,42276.25,97595.25
2022-04-27,55319.0,42196.0,97515.0
2022-04-28,55319.0,42262.6,97581.6
2022-04-29,55319.0,42018.85,97337.85
2022-05-02,55319.0,41461.0,96780.0
2022-05-04,55319.0,40343.5,95662.5
2022-05-05,55319.0,40600.75,95919.75
2022-05-06,55319.0,39820.45,95139.45
2022-05-09,55319.0,39092.65,94411.65
2022-05-10,55319.0,37636.9,92955.9
2022-05-11,55319.0,37413.25,92732.25
2022-05-12,55319.0,37034.8,92353.8
2022-05-13,55319.0,38128.15,93447.15
2022-05-16,55319.0,39010.15,94329.15
2022-05-17,55319.0,39457.3,94776.3
2022-05-18,55319.0,39162.1,94481.1
2022-05-19,55319.0,37673.5,92992.5
2022-05-20,55319.0,38198.5,93517.5
2022-05-23,55319.0,38154.85,93473.85
2022-05-24,55319.0,38041.0,93360.0
2022-05-25,55319.0,36770.5,92089.5
2022-05-26,55319.0,37653.4,92972.4
2022-05-27,55319.0,38834.8,94153.8
2022-05-30,55319.0,39728.05,95047.05
2022-05-31,55319.0,40929.85,96248.85
2022-06-01,55319.0,41753.95,97072.95
2022-06-02,55319.0,42229.9,97548.9
2022-06-03,55319.0,41347.75,96666.75
2022-06-06,55319.0,40973.05,96292.05
2022-06-07,55319.0,40542.4,95861.4
2022-06-08,55319.0,39992.95,95311.95
2022-06-09,55319.0,39341.2,94660.2
2022-06-10,55319.0,39589.0,94908.0
2022-06-13,55319.0,38835.55,94154.55
2022-06-14,55319.0,38295.25,93614.25
2022-06-15,55319.0,38553.7,93872.7
2022-06-16,55319.0,37827.7,93146.7
2022-06-17,55319.0,37201.0,92520.0
2022-06-20,55319.0,37029.1,92348.1
2022-06-21,55319.0,37387.9,92706.9
2022-06-22,55319.0,36969.4,92288.4
2022-06-23,55319.0,37479.4,92798.4
2022-06-24,55319.0,38288.35,93607.35
2022-06-27,55319.0,38671.3,93990.3
2022-06-28,55319.0,38383.0,93702.0
2022-06-29,55319.0,38169.1,93488.1
2022-06-30,55319.0,38655.55,93974.55
2022-07-01,55319.0,39125.95,94444.95
2022-07-04,55319.0,39095.65,94414.65
2022-07-05,55319.0,39274.15,94593.15
2022-07-06,55319.0,39508.75,94827.75
2022-07-07,55319.0,39765.4,95084.4
2022-07-08,55319.0,40151.8,95470.8
2022-07-11,55319.0,39921.7,95240.7
2022-07-12,55319.0,39435.7,94754.7
2022-07-13,55319.0,39231.25,94550.25
2022-07-14,55319.0,39073.45,94392.45
2022-07-15,55319.0,39115.3,94434.3
2022-07-18,55319.0,39792.7,95111.7
2022-07-19,55319.0,39868.45,95187.45
2022-07-20,55319.0,39954.1,95273.1
2022-07-21,55319.0,40096.15,95415.15
2022-07-22,55319.0,40041.55,95360.55
2022-07-25,55319.0,39734.35,95053.35
2022-07-26,55319.0,39289.9,94608.9
2022-07-27,55319.0,39421.15,94740.15
2022-07-28,55319.0,39953.65,95272.65
2022-07-29,55319.0,41702.5,97021.5
2022-08-01,55319.0,42155.05,97474.05
2022-08-02,55319.0,42062.65,97381.65
2022-08-03,55319.0,42631.75,97950.75
2022-08-04,55319.0,42872.35,98191.35
2022-08-05,55319.0,43382.5,98701.5
2022-08-08,55319.0,43346.95,98665.95
2022-08-10,55319.0,43309.6,98628.6
2022-08-11,55319.0,44252.5,99571.5
2022-08-12,55319.0,44150.8,99469.8
2022-08-16,55319.0,44163.85,99482.85
2022-08-17,55319.0,46254.7,101573.7
2022-08-18,55319.0,45836.35,101155.35
2022-08-19,55319.0,45581.05,100900.05
2022-08-22,55319.0,45978.7,101297.7
2022-08-23,55319.0,45357.85,100676.85
2022-08-24,55319.0,45623.05,100942.05
2022-08-25,55319.0,45563.2,100882.2
2022-08-26,55319.0,45221.2,100540.2
2022-08-29,55319.0,44591.05,99910.05
2022-08-30,55319.0,45021.55,100340.55
2022-09-01,55319.0,44897.05,100216.05
2022-09-02,55319.0,44718.1,100037.1
2022-09-05,55319.0,44759.5,100078.5
2022-09-06,55319.0,45216.55,100535.55
2022-09-07,55319.0,45800.8,101119.8
2022-09-08,55319.0,46138.6,101457.6
2022-09-09,55319.0,45826.6,101145.6
2022-09-12,55319.0,45673.6,100992.6
2022-09-13,55319.0,45394.75,100713.75
2022-09-14,55319.0,45730.3,101049.3
2022-09-15,55319.0,45728.8,101047.8
2022-09-16,55319.0,44979.55,100298.55
2022-09-19,55319.0,44611.0,99930.0
2022-09-20,55319.0,45046.3,100365.3
2022-09-21,55319.0,45187.45,100506.45
2022-09-22,55319.0,45404.95,100723.95
2022-09-23,55319.0,45106.0,100425.0
2022-09-26,55319.0,44463.85,99782.85
2022-09-27,55319.0,45066.55,100385.55
2022-09-28,55319.0,45115.6,100434.6
2022-09-29,55319.0,44658.55,99977.55
2022-09-30,55319.0,44535.7,99854.7
2022-10-03,55319.0,43976.05,99295.05
2022-10-04,55319.0,44403.4,99722.4
2022-10-06,55319.0,44797.75,100116.75
2022-10-07,55319.0,45581.35,100900.35
2022-10-10,55319.0,44840.5,100159.5
2022-10-11,55319.0,44190.55,99509.55
2022-10-12,55319.0,44206.6,99525.6
2022-10-13,55319.0,43921.0,99240.0
2022-10-14,55319.0,43797.7,99116.7
2022-10-17,55319.0,44426.35,99745.35
2022-10-18,55319.0,44652.25,99971.25
2022-10-19,55319.0,44747.2,100066.2
2022-10-20,55319.0,44759.65,100078.65
2022-10-21,55319.0,44572.9,99891.9
2022-10-24,55319.0,44882.2,100201.2
2022-10-25,55319.0,44934.55,100253.55
2022-10-27,55319.0,44699.2,100018.2
2022-10-28,55319.0,44453.65,99772.65
2022-10-31,55319.0,44593.15,99912.15
2022-11-01,55319.0,44964.7,100283.7
2022-11-02,55319.0,44561.05,99880.05
2022-11-03,55319.0,44151.1,99470.1
2022-11-04,55319.0,44243.05,99562.05
2022-11-07,55319.0,44792.8,100111.8
2022-11-09,55319.0,44487.4,99806.4
2022-11-10,55319.0,43253.35,98572.35
2022-11-11,55319.0,43819.3,99138.3
2022-11-14,55319.0,43677.85,98996.85
2022-11-15,55319.0,44010.4,99329.4
2022-11-16,55319.0,44130.4,99449.4
2022-11-17,55319.0,43950.55,99269.55
2022-11-18,55319.0,36903.9,92222.9
2022-11-21,55319.0,37027.2,92346.2
2022-11-22,55319.0,37221.95,92540.95
2022-11-23,55319.0,37513.2,92832.2
2022-11-24,55319.0,37665.4,92984.4
2022-11-25,55319.0,37605.0,92924.0
2022-11-28,55319.0,37768.95,93087.95
2022-11-29,55319.0,37630.7,92949.7
2022-11-30,55319.0,38059.0,93378.0
2022-12-01,55319.0,37877.6,93196.6
2022-12-02,55319.0,38034.25,93353.25
2022-12-05,55319.0,38330.55,93649.55
2022-12-06,55319.0,38323.55,93642.55
2022-12-07,55319.0,38243.95,93562.95
2022-12-08,55319.0,38071.95,93390.95
2022-12-09,55319.0,37685.6,93004.6
2022-12-12,55319.0,37524.45,92843.45
2022-12-13,55319.0,37332.25,92651.25
2022-12-14,55319.0,37447.5,92766.5
2022-12-15,55319.0,37087.4,92406.4
2022-12-16,55319.0,36600.7,91919.7
2022-12-19,55319.0,36515.45,91834.45
2022-12-20,55319.0,36276.05,91595.05
2022-12-21,55319.0,36130.9,91449.9
2022-12-22,55319.0,35237.6,90556.6
2022-12-23,55319.0,34124.35,89443.35
2022-12-26,55319.0,34716.45,90035.45
2022-12-27,55319.0,34659.25,89978.25
2022-12-28,55319.0,35505.5,90824.5
2022-12-29,55319.0,35633.7,90952.7
2022-12-30,55319.0,35249.45,90568.45
2023-01-02,55319.0,34975.7,90294.7
2023-01-03,55319.0,35051.6,90370.6
2023-01-04,55319.0,34845.15,90164.15
2023-01-05,55319.0,34822.35,90141.35
2023-01-06,55319.0,34540.15,89859.15
2023-01-09,55319.0,34403.9,89722.9
2023-01-10,55319.0,34406.5,89725.5
2023-01-11,55319.0,33954.0,89273.0
2023-01-12,55319.0,33846.05,89165.05
2023-01-13,55319.0,33732.55,89051.55
2023-01-16,55319.0,34297.15,89616.15
2023-01-17,55319.0,34051.8,89370.8
2023-01-18,55319.0,34064.6,89383.6
2023-01-19,55319.0,34268.35,89587.35
2023-01-20,55319.0,33913.5,89232.5
2023-01-23,55319.0,33781.35,89100.35
2023-01-24,55319.0,33387.15,88706.15
2023-01-25,55319.0,32847.25,88166.25
2023-01-27,55319.0,32031.9,87350.9
2023-01-30,55319.0,32221.6,87540.6
2023-01-31,55319.0,32561.45,87880.45
2023-02-01,55319.0,32010.65,87329.65
2023-02-02,55319.0,31946.65,87265.65
2023-02-03,55319.0,31692.0,87011.0
2023-02-06,55319.0,32034.1,87353.1
2023-02-07,55319.0,31788.15,87107.15
2023-02-08,55319.0,32370.7,87689.7
2023-02-09,55319.0,32435.8,87754.8
2023-02-10,55319.0,32376.0,87695.0
2023-02-13,55319.0,31731.75,87050.75
2023-02-14,55319.0,31193.15,86512.15
2023-02-15,55319.0,31558.05,86877.05
2023-02-16,55319.0,32091.4,87410.4
2023-02-17,55319.0,32081.9,87400.9
2023-02-20,55319.0,32151.65,87470.65
2023-02-21,55319.0,32066.35,87385.35
2023-02-22,55319.0,31510.75,86829.75
2023-02-23,55319.0,31250.15,86569.15
2023-02-24,55319.0,31482.35,86801.35
2023-02-27,55319.0,31069.7,86388.7
2023-02-28,55319.0,31760.0,87079.0
2023-03-01,55319.0,31628.1,86947.1
2023-03-02,55319.0,31653.1,86972.1
2023-03-03,55319.0,31607.9,86926.9
2023-03-06,55319.0,31835.9,87154.9
2023-03-08,55319.0,31656.25,86975.25
2023-03-09,55319.0,31438.4,86757.4
2023-03-10,55319.0,31027.1,86346.1
2023-03-13,55319.0,30606.3,85925.3
2023-03-14,55319.0,30494.4,85813.4
2023-03-15,55319.0,30563.45,85882.45
2023-03-16,55319.0,30555.05,85874.05
2023-03-17,55319.0,30399.9,85718.9
2023-03-20,55319.0,30189.0,85508.0
2023-03-21,55319.0,30056.4,85375.4
2023-03-22,55319.0,30287.3,85606.3
2023-03-23,55319.0,30248.55,85567.55
2023-03-24,55319.0,29863.25,85182.25
2023-03-27,55319.0,29503.9,84822.9
2023-03-28,55319.0,29379.65,84698.65
2023-03-29,55319.0,29850.85,85169.85
2023-03-31,55319.0,30487.65,85806.65
2023-04-03,55319.0,30732.5,86051.5
2023-04-05,55319.0,31035.05,86354.05
2023-04-06,55319.0,30772.95,86091.95
2023-04-10,55319.0,31006.15,86325.15
2023-04-11,55319.0,31301.5,86620.5
2023-04-12,55319.0,31641.15,86960.15
2023-04-13,55319.0,31678.8,86997.8
2023-04-17,55319.0,31903.1,87222.1
2023-04-18,55319.0,32213.9,87532.9
2023-04-19,55319.0,32440.05,87759.05
2023-04-20,55319.0,32439.3,87758.3
2023-04-21,55319.0,32334.85,87653.85
2023-04-24,55319.0,32342.25,87661.25
2023-04-25,55319.0,32436.55,87755.55
2023-04-26,55319.0,32361.55,87680.55
2023-04-27,55319.0,32386.8,87705.8
2023-04-28,55319.0,32738.5,88057.5
2023-05-02,55319.0,33329.6,88648.6
2023-05-03,55319.0,33539.45,88858.45
2023-05-04,55319.0,33777.15,89096.15
2023-05-05,55319.0,33674.95,88993.95
2023-05-08,55319.0,33713.25,89032.25
2023-05-09,55319.0,33777.75,89096.75
2023-05-10,55319.0,33729.15,89048.15
2023-05-11,55319.0,33753.4,89072.4
2023-05-12,55319.0,34336.55,89655.55
2023-05-15,55319.0,34769.75,90088.75
2023-05-16,55319.0,34851.55,90170.55
2023-05-17,55319.0,34195.4,89514.4
2023-05-18,55319.0,34605.0,89924.0
2023-05-19,55319.0,34362.2,89681.2
2023-05-22,55319.0,34229.25,89548.25
2023-05-23,55319.0,34423.6,89742.6
2023-05-24,55319.0,34623.55,89942.55
2023-05-25,55319.0,34779.25,90098.25
2023-05-26,55319.0,35213.1,90532.1
2023-05-29,55319.0,35299.9,90618.9
2023-05-30,55319.0,34837.15,90156.15
2023-05-31,55319.0,35057.7,90376.7
2023-06-01,55319.0,35103.8,90422.8
2023-06-02,55319.0,35086.65,90405.65
2023-06-05,55319.0,35118.05,90437.05
2023-06-06,55319.0,34902.65,90221.65
2023-06-07,55319.0,35565.95,90884.95
2023-06-08,55319.0,35258.65,90577.65
2023-06-09,55319.0,34915.45,90234.45
2023-06-12,55319.0,34912.95,90231.95
2023-06-13,55319.0,36056.95,91375.95
2023-06-14,55319.0,36001.75,91320.75
2023-06-15,55319.0,35927.8,91246.8
2023-06-16,55319.0,36183.15,91502.15
2023-06-19,55319.0,36510.05,91829.05
2023-06-20,55319.0,36778.45,92097.45
2023-06-21,55319.0,36750.15,92069.15
2023-06-22,55319.0,36586.35,91905.35
2023-06-23,55319.0,36632.8,91951.8
2023-06-26,55319.0,37593.2,92912.2
2023-06-27,55319.0,37096.35,92415.35
2023-06-28,55319.0,36915.2,92234.2
2023-06-30,55319.0,37050.9,92369.9
2023-07-03,55319.0,36966.2,92285.2
2023-07-04,55319.0,36919.2,92238.2
2023-07-05,55319.0,37250.5,92569.5
2023-07-06,55319.0,37679.75,92998.75
2023-07-07,55319.0,37497.35,92816.35
2023-07-10,55319.0,37407.95,92726.95
2023-07-11,55319.0,37770.85,93089.85
2023-07-12,55319.0,37654.05,92973.05
2023-07-13,55319.0,37889.0,93208.0
2023-07-14,55319.0,38118.3,93437.3
2023-07-17,55319.0,38014.9,93333.9
2023-07-18,55319.0,38048.55,93367.55
2023-07-19,55319.0,38369.85,93688.85
2023-07-20,55319.0,38169.4,93488.4
2023-07-21,55319.0,37922.45,93241.45
2023-07-24,55319.0,37807.0,93126.0
2023-07-25,55319.0,38156.45,93475.45
2023-07-26,55319.0,38101.15,93420.15
2023-07-27,55319.0,38359.5,93678.5
2023-07-28,55319.0,38132.95,93451.95
2023-07-31,55319.0,37715.55,93034.55
2023-08-01,55319.0,37731.8,93050.8
2023-08-02,55319.0,37961.85,93280.85
2023-08-03,55319.0,37806.65,93125.65
2023-08-04,55319.0,38346.2,93665.2
2023-08-07,55319.0,38790.4,94109.4
2023-08-08,55319.0,38616.7,93935.7
2023-08-09,55319.0,40117.3,95436.3
2023-08-10,55319.0,39269.35,94588.35
2023-08-11,55319.0,38929.4,94248.4
2023-08-14,55319.0,38578.0,93897.0
2023-08-16,55319.0,39343.0,94662.0
2023-08-17,55319.0,38945.85,94264.85
2023-08-18,55319.0,38786.3,94105.3
2023-08-21,55319.0,38835.9,94154.9
2023-08-22,55319.0,38955.25,94274.25
2023-08-23,55319.0,39050.8,94369.8
2023-08-24,55319.0,39227.4,94546.4
2023-08-25,55319.0,39582.65,94901.65
2023-08-28,55319.0,39968.4,95287.4
2023-08-29,55319.0,39839.6,95158.6
2023-08-30,55319.0,40997.2,96316.2
2023-08-31,55319.0,40733.05,96052.05
2023-09-01,55319.0,40734.25,96053.25
2023-09-04,55319.0,41537.0,96856.0
2023-09-05,55319.0,42444.05,97763.05
2023-09-06,55319.0,42017.45,97336.45
2023-09-07,55319.0,42867.35,98186.35
2023-09-08,55319.0,42452.55,97771.55
2023-09-11,55319.0,42539.9,97858.9
2023-09-12,55319.0,40231.1,95550.1
2023-09-13,55319.0,41131.65,96450.65
2023-09-14,55319.0,41673.1,96992.1
2023-09-15,55319.0,41609.8,96928.8
2023-09-18,55319.0,41491.05,96810.05
2023-09-20,55319.0,41274.5,96593.5
2023-09-21,55319.0,41323.75,96642.75
2023-09-22,55319.0,41329.3,96648.3
2023-09-25,55319.0,41338.2,96657.2
2023-09-26,55319.0,41277.8,96596.8
2023-09-27,55319.0,41381.7,96700.7
2023-09-28,55319.0,41121.35,96440.35
2023-09-29,55319.0,41851.75,97170.75
2023-10-03,55319.0,42129.55,97448.55
2023-10-04,55319.0,41635.9,96954.9
2023-10-05,55319.0,42265.2,97584.2
2023-10-06,55319.0,42672.65,97991.65
2023-10-09,55319.0,41724.7,97043.7
2023-10-10,55319.0,41995.45,97314.45
2023-10-11,55319.0,42447.4,97766.4
2023-10-12,55319.0,42328.6,97647.6
2023-10-13,55319.0,42098.05,97417.05
2023-10-16,55319.0,42029.1,97348.1
2023-10-17,55319.0,41955.5,97274.5
2023-10-18,55319.0,41256.25,96575.25
2023-10-19,55319.0,41313.85,96632.85
2023-10-20,55319.0,40740.5,96059.5
2023-10-23,55319.0,39132.4,94451.4
2023-10-25,55319.0,38823.1,94142.1
2023-10-26,55319.0,38350.9,93669.9
2023-10-27,55319.0,38974.25,94293.25
2023-10-30,55319.0,38660.35,93979.35
2023-10-31,55319.0,39213.1,94532.1
2023-11-01,55319.0,39811.45,95130.45
2023-11-02,55319.0,40466.65,95785.65
2023-11-03,55319.0,41077.65,96396.65
2023-11-06,55319.0,42114.95,97433.95
2023-11-07,55319.0,41888.65,97207.65
2023-11-08,55319.0,41999.65,97318.65
2023-11-09,55319.0,42575.95,97894.95
2023-11-10,55319.0,42503.65,97822.65
2023-11-13,55319.0,42407.3,97726.3
2023-11-15,55319.0,42410.0,97729.0
2023-11-16,55319.0,42629.0,97948.0
2023-11-17,55319.0,43168.6,98487.6
2023-11-20,55319.0,43329.15,98648.15
2023-11-21,55319.0,45445.05,100764.05
2023-11-22,55319.0,44677.05,99996.05
2023-11-23,55319.0,45086.3,100405.3
2023-11-24,55319.0,45620.25,100939.25
2023-11-28,55319.0,45418.35,100737.35
2023-11-29,55319.0,45170.0,100489.0
2023-11-30,55319.0,45690.8,101009.8
2023-12-01,55319.0,45682.3,101001.3
2023-12-04,55319.0,46406.85,101725.85
2023-12-05,55319.0,46544.4,101863.4
2023-12-06,55319.0,46768.35,102087.35
2023-12-07,55319.0,47029.8,102348.8
2023-12-08,55319.0,46220.65,101539.65
2023-12-11,55319.0,46266.0,101585.0
2023-12-12,55319.0,46055.45,101374.45
2023-12-13,55319.0,46330.0,101649.0
2023-12-14,55319.0,46129.15,101448.15
2023-12-15,55319.0,46548.15,101867.15
2023-12-18,55319.0,46723.05,102042.05
2023-12-19,55319.0,47325.75,102644.75
2023-12-20,55319.0,45212.75,100531.75
2023-12-21,55319.0,46547.4,101866.4
2023-12-22,55319.0,46872.95,102191.95
2023-12-26,55319.0,46549.4,101868.4
2023-12-27,55319.0,46471.6,101790.6
2023-12-28,55319.0,46475.9,101794.9
2023-12-29,55319.0,46674.95,101993.95
2024-01-01,55319.0,46480.7,101799.7
2024-01-02,55319.0,46596.75,101915.75
2024-01-03,55319.0,46778.45,102097.45
2024-01-04,55319.0,47921.65,103240.65
2024-01-05,55319.0,48301.5,103620.5
2024-01-08,55319.0,47924.55,103243.55
2024-01-09,55319.0,47355.1,102674.1
2024-01-10,55319.0,47192.6,102511.6
2024-01-11,55319.0,48263.9,103582.9
2024-01-12,55319.0,47693.7,103012.7
2024-01-15,55319.0,47844.9,103163.9
2024-01-16,55319.0,47289.65,102608.65
2024-01-17,55319.0,47193.9,102512.9
2024-01-18,55319.0,46982.4,102301.4
2024-01-19,55319.0,47219.1,102538.1
2024-01-23,55319.0,46203.7,101522.7
2024-01-24,55319.0,47013.6,102332.6
2024-01-25,55319.0,46670.15,101989.15
2024-01-29,55319.0,47124.35,102443.35
2024-01-30,55319.0,47942.65,103261.65
2024-01-31,55319.0,48631.4,103950.4
2024-02-01,55319.0,48365.0,103684.0
2024-02-02,55319.0,48660.4,103979.4
2024-02-05,55319.0,47635.8,102954.8
2024-02-06,55319.0,48143.65,103462.65
2024-02-07,55319.0,48292.1,103611.1
2024-02-08,55319.0,48095.75,103414.75
2024-02-09,55319.0,47928.05,103247.05
2024-02-12,55319.0,46865.95,102184.95
2024-02-13,55319.0,47547.6,102866.6
2024-02-14,55319.0,47826.1,103145.1
2024-02-15,55319.0,47972.65,103291.65
2024-02-16,55319.0,49292.55,104611.55
2024-02-19,55319.0,49424.15,104743.15
2024-02-20,55319.0,49131.8,104450.8
2024-02-21,55319.0,48941.0,104260.0
2024-02-22,55319.0,49737.5,105056.5
2024-02-23,55319.0,49511.95,104830.95
2024-02-26,55319.0,48723.2,104042.2
2024-02-27,55319.0,48161.6,103480.6
2024-02-28,55319.0,47395.75,102714.75
2024-02-29,55319.0,47863.3,103182.3
2024-03-01,55319.0,47298.4,102617.4
2024-03-04,55319.0,46399.0,101718.0
2024-03-05,55319.0,46091.65,101410.65
2024-03-06,55319.0,45975.2,101294.2
2024-03-07,55319.0,46212.05,101531.05
2024-03-11,55319.0,45494.7,100813.7
2024-03-12,55319.0,44138.4,99457.4
2024-03-13,55319.0,42171.05,97490.05
2024-03-14,55319.0,43670.7,98989.7
2024-03-15,55319.0,43398.7,98717.7
2024-03-18,55319.0,43951.05,99270.05
2024-03-19,55319.0,43716.9,99035.9
2024-03-20,55319.0,43606.4,98925.4
2024-03-21,55319.0,44313.2,99632.2
2024-03-22,55319.0,45192.15,100511.15
2024-03-26,55319.0,45390.05,100709.05
2024-03-27,55319.0,45776.3,101095.3
2024-03-28,55319.0,45489.55,100808.55
2024-04-01,55319.0,47220.3,102539.3
2024-04-02,55319.0,47148.7,102467.7
2024-04-03,55319.0,47313.85,102632.85
2024-04-04,55319.0,47392.3,102711.3
2024-04-05,55319.0,47427.5,102746.5
2024-04-08,55319.0,47783.2,103102.2
2024-04-09,55319.0,47874.95,103193.95
2024-04-10,55319.0,48034.75,103353.75
2024-04-12,55319.0,47517.9,102836.9
2024-04-15,55319.0,46196.85,101515.85
2024-04-16,55319.0,46531.85,101850.85
2024-04-18,55319.0,46636.95,101955.95
2024-04-19,55319.0,46300.65,101619.65
2024-04-22,55319.0,47155.0,102474.0
2024-04-23,55319.0,47484.2,102803.2
2024-04-24,55319.0,48313.45,103632.45
2024-04-25,55319.0,48260.0,103579.0
2024-04-26,55319.0,48698.45,104017.45
2024-04-29,55319.0,48810.2,104129.2
2024-04-30,55319.0,48644.95,103963.95
2024-05-02,55319.0,48009.35,103328.35
2024-05-03,55319.0,47818.25,103137.25
2024-05-06,55319.0,47361.8,102680.8
2024-05-07,55319.0,47179.15,102498.15
2024-05-08,55319.0,46950.55,102269.55
2024-05-09,55319.0,46168.95,101487.95
2024-05-10,55319.0,46974.55,102293.55
2024-05-13,55319.0,46823.7,102142.7
2024-05-14,55319.0,47279.9,102598.9
2024-05-15,55319.0,47160.4,102479.4
2024-05-16,55319.0,47617.15,102936.15
2024-05-17,55319.0,47997.55,103316.55
2024-05-21,55319.0,47835.5,103154.5
2024-05-22,55319.0,47252.45,102571.45
2024-05-23,55319.0,46866.45,102185.45
2024-05-24,55319.0,47700.65,103019.65
2024-05-27,55319.0,48099.7,103418.7
2024-05-28,55319.0,47573.65,102892.65
2024-05-29,55319.0,47235.9,102554.9
2024-05-30,55319.0,46315.8,101634.8
2024-05-31,55319.0,46430.35,101749.35
2024-06-03,55319.0,46503.6,101822.6
2024-06-04,55319.0,44442.4,99761.4
2024-06-05,55319.0,46681.3,102000.3
2024-06-06,55319.0,48935.75,104254.75
2024-06-07,55319.0,49220.5,104539.5
2024-06-10,55319.0,49251.81,104570.81
2024-06-11,55319.0,49527.92,104846.92
2024-06-12,55319.0,49575.42,104894.42
2024-06-13,55319.0,49857.75,105176.75
2024-06-14,55319.0,50261.57,105580.57
2024-06-18,55319.0,50580.5,105899.5
2024-06-19,55319.0,50342.41,105661.41
2024-06-20,55319.0,50318.92,105637.92
2024-06-21,55319.0,50301.45,105620.45
2024-06-24,55319.0,50778.67,106097.67
2024-06-25,55319.0,50817.06,106136.06
2024-06-26,55319.0,50575.18,105894.18
2024-06-27,55319.0,49685.73,105004.73
2024-06-28,55319.0,50799.63,106118.63
2024-07-01,55319.0,50353.34,105672.34
2024-07-02,55319.0,50089.78,105408.78
2024-07-03,55319.0,50351.95,105670.95
2024-07-04,55319.0,50351.41,105670.41
2024-07-05,55319.0,50237.67,105556.67
2024-07-08,55319.0,49827.94,105146.94
2024-07-09,55319.0,50134.56,105453.56
2024-07-10,55319.0,49980.15,105299.15
2024-07-11,55319.0,49917.69,105236.69
2024-07-12,55319.0,49563.14,104882.14
2024-07-15,55319.0,50222.6,105541.6
2024-07-16,55319.0,50331.59,105650.59
2024-07-18,55319.0,49957.01,105276.01
2024-07-19,55319.0,49472.83,104791.83
2024-07-22,55319.0,49830.26,105149.26
2024-07-23,55319.0,49447.41,104766.41
2024-07-24,55319.0,50181.2,105500.2
2024-07-25,55319.0,49920.64,105239.64
2024-07-26,55319.0,50260.37,105579.37
2024-07-29,55319.0,50633.98,105952.98
2024-07-30,55319.0,51469.32,106788.32
2024-07-31,55319.0,51361.7,106680.7
2024-08-01,55319.0,50489.14,105808.14
2024-08-02,55319.0,50453.07,105772.07
2024-08-05,55319.0,49397.39,104716.39
2024-08-06,55319.0,49445.49,104764.49
2024-08-07,55319.0,50450.21,105769.21
2024-08-08,55319.0,50457.8,105776.8
2024-08-09,55319.0,50488.37,105807.37
2024-08-12,55319.0,49971.61,105290.61
2024-08-13,55319.0,49813.62,105132.62
2024-08-14,55319.0,50179.17,105498.17
2024-08-16,55319.0,50313.15,105632.15
2024-08-19,55319.0,50501.82,105820.82
2024-08-20,55319.0,50141.01,105460.01
2024-08-21,55319.0,50577.23,105896.23
2024-08-22,55319.0,51290.95,106609.95
2024-08-23,55319.0,51306.99,106625.99
2024-08-26,55319.0,51062.92,106381.92
2024-08-27,55319.0,50933.56,106252.56
2024-08-28,55319.0,50978.6,106297.6
2024-08-29,55319.0,50739.69,106058.69
2024-08-30,55319.0,51242.8,106561.8
2024-09-02,55319.0,50937.6,106256.6
2024-09-03,55319.0,51490.71,106809.71
2024-09-04,55319.0,52291.79,107610.79
2024-09-05,55319.0,51955.51,107274.51
2024-09-06,55319.0,51392.36,106711.36
2024-09-09,55319.0,51361.67,106680.67
2024-09-10,55319.0,51846.1,107165.1
2024-09-11,55319.0,51783.96,107102.96
2024-09-12,55319.0,52138.49,107457.49
2024-09-13,55319.0,52443.37,107762.37
2024-09-16,55319.0,52517.66,107836.66
2024-09-17,55319.0,52529.4,107848.4
2024-09-18,55319.0,52302.06,107621.06
2024-09-19,55319.0,51888.63,107207.63
2024-09-20,55319.0,53254.13,108573.13
2024-09-23,55319.0,53907.12,109226.12
2024-09-24,55319.0,53728.19,109047.19
2024-09-25,55319.0,52739.74,108058.74
2024-09-26,55319.0,52145.75,107464.75
2024-09-27,55319.0,51425.97,106744.97
2024-09-30,55319.0,51348.06,106667.06
2024-10-01,55319.0,51292.32,106611.32
2024-10-03,55319.0,50187.7,105506.7
2024-10-04,55319.0,49564.01,104883.01
2024-10-07,55319.0,48326.31,103645.31
2024-10-08,55319.0,49689.25,105008.25
2024-10-09,55319.0,50133.52,105452.52
2024-10-10,55319.0,50021.54,105340.54
2024-10-11,55319.0,50087.54,105406.54
2024-10-14,55319.0,49725.99,105044.99
2024-10-15,55319.0,50002.97,105321.97
2024-10-16,55319.0,50035.21,105354.21
2024-10-17,55319.0,49113.61,104432.61
2024-10-18,55319.0,49221.38,104540.38
2024-10-21,55319.0,48489.53,103808.53
2024-10-22,55319.0,47335.05,102654.05
2024-10-23,55319.0,47461.6,102780.6
2024-10-24,55319.0,46552.88,101871.88
2024-10-25,55319.0,46430.86,101749.86
2024-10-28,55319.0,46570.25,101889.25
2024-10-29,55319.0,46167.81,101486.81
2024-10-30,55319.0,47059.47,102378.47
2024-10-31,55319.0,48872.94,104191.94
2024-11-01,55319.0,49212.18,104531.18
2024-11-04,55319.0,47941.45,103260.45
2024-11-05,55319.0,47968.1,103287.1
2024-11-06,55319.0,48634.11,103953.11
2024-11-07,55319.0,48273.01,103592.01
2024-11-08,55319.0,47712.47,103031.47
2024-11-11,55319.0,47561.98,102880.98
2024-11-12,55319.0,47056.43,102375.43
2024-11-13,55319.0,45395.71,100714.71
2024-11-14,55319.0,45300.17,100619.17
2024-11-18,55319.0,44974.71,100293.71
2024-11-19,55319.0,45886.94,101205.94
2024-11-21,55319.0,45104.23,100423.23
2024-11-22,55319.0,45912.38,101231.38
2024-11-25,55319.0,46213.5,101532.5
2024-11-26,55319.0,46263.3,101582.3
2024-11-27,55319.0,46161.27,101480.27
2024-11-28,55319.0,46244.8,101563.8
2024-11-29,55319.0,46422.07,101741.07
2024-12-02,55319.0,47148.55,102467.55
2024-12-03,55319.0,47447.56,102766.56
2024-12-04,55319.0,48376.39,103695.39
2024-12-05,55319.0,48109.99,103428.99
2024-12-06,55319.0,48773.51,104092.51
2024-12-09,55319.0,49289.52,104608.52
2024-12-10,55319.0,49233.26,104552.26
2024-12-11,55319.0,49051.01,104370.01
2024-12-12,55319.0,48218.94,103537.94
2024-12-13,55319.0,47929.4,103248.4
2024-12-16,55319.0,47628.53,102947.53
2024-12-17,55319.0,47553.21,102872.21
2024-12-18,55319.0,47640.68,102959.68
2024-12-19,55319.0,47231.44,102550.44
2024-12-20,55319.0,46688.43,102007.43
2024-12-23,55319.0,46547.7,101866.7
2024-12-24,55319.0,46594.71,101913.71
2024-12-26,55319.0,46709.18,102028.18
2024-12-27,55319.0,47132.33,102451.33
2024-12-30,55319.0,46404.09,101723.09
2024-12-31,55319.0,46542.12,101861.12
2025-01-01,55319.0,46974.36,102293.36
2025-01-02,55319.0,47376.37,102695.37
2025-01-03,55319.0,47079.43,102398.43
2025-01-06,55319.0,46823.63,102142.63
2025-01-07,55319.0,47386.92,102705.92
2025-01-08,55319.0,46737.98,102056.98
2025-01-09,55319.0,46333.08,101652.08
2025-01-10,55319.0,45142.78,100461.78
2025-01-13,55319.0,43679.54,98998.54
2025-01-14,55319.0,43969.4,99288.4
2025-01-15,55319.0,44671.92,99990.92
2025-01-16,55319.0,44408.37,99727.37
2025-01-17,55319.0,44515.5,99834.5
2025-01-20,55319.0,44496.74,99815.74
2025-01-21,55319.0,44329.12,99648.12
2025-01-22,55319.0,44603.7,99922.7
2025-01-23,55319.0,45037.57,100356.57
2025-01-24,55319.0,43789.32,99108.32
2025-01-27,55319.0,42494.42,97813.42
2025-01-28,55319.0,41852.14,97171.14
2025-01-29,55319.0,42935.58,98254.58
2025-01-30,55319.0,43170.84,98489.84
2025-01-31,55319.0,43390.84,98709.84
2025-02-01,55319.0,45148.51,100467.51
2025-02-03,55319.0,44595.75,99914.75
2025-02-04,55319.0,44104.23,99423.23
2025-02-05,55319.0,44647.02,99966.02
2025-02-06,55319.0,44674.23,99993.23
2025-02-07,55319.0,44453.19,99772.19
2025-02-10,55319.0,43679.93,98998.93
2025-02-11,55319.0,42540.12,97859.12
2025-02-12,55319.0,41895.5,97214.5
2025-02-13,55319.0,41692.04,97011.04
2025-02-14,55319.0,40915.49,96234.49
2025-02-17,55319.0,41095.03,96414.03
2025-02-18,55319.0,40739.53,96058.53
2025-02-19,55319.0,41782.01,97101.01
2025-02-20,55319.0,43042.18,98361.18
2025-02-21,55319.0,42819.09,98138.09
2025-02-24,55319.0,41980.14,97299.14
2025-02-25,55319.0,41516.77,96835.77
2025-02-27,55319.0,40634.02,95953.02
2025-02-28,55319.0,39374.87,94693.87
2025-03-03,55319.0,39927.56,95246.56
2025-03-04,55319.0,40177.92,95496.92
2025-03-05,55319.0,40680.26,95999.26
2025-03-06,55319.0,41644.56,96963.56
2025-03-07,55319.0,41439.55,96758.55
2025-03-10,55319.0,40781.63,96100.63
2025-03-11,55319.0,40074.09,95393.09
2025-03-12,55319.0,39686.71,95005.71
2025-03-13,55319.0,39392.08,94711.08
2025-03-17,55319.0,39205.3,94524.3
2025-03-18,55319.0,39205.3,94524.3
2025-03-19,55319.0,40406.53,95725.53
2025-03-20,55319.0,40456.71,95775.71
2025-03-21,55319.0,40983.59,96302.59
2025-03-24,55319.0,40657.82,95976.82
2025-03-25,55319.0,40504.85,95823.85
2025-03-26,55319.0,39946.31,95265.31
2025-03-27,55319.0,40338.62,95657.62
2025-03-28,55319.0,39892.93,95211.93
2025-04-01,55319.0,40256.12,95575.12
2025-04-02,55319.0,40763.11,96082.11
2025-04-03,55319.0,40896.43,96215.43
2025-04-04,55319.0,40181.82,95500.82
2025-04-07,55319.0,38955.63,94274.63
2025-04-08,55319.0,40310.34,95629.34
2025-04-09,55319.0,40601.43,95920.43
2025-04-11,55319.0,41725.64,97044.64
2025-04-15,55319.0,42782.2,98101.2
2025-04-16,55319.0,43259.12,98578.12
2025-04-17,55319.0,42935.35,98254.35
2025-04-21,55319.0,43454.16,98773.16
2025-04-22,55319.0,44142.68,99461.68
2025-04-23,55319.0,44103.88,99422.88
2025-04-24,55319.0,44293.01,99612.01
2025-04-25,55319.0,43706.35,99025.35
2025-04-28,55319.0,43495.41,98814.41
2025-04-29,55319.0,43150.14,98469.14
2025-04-30,55319.0,43096.31,98415.31
2025-05-02,55319.0,42975.7,98294.7
2025-05-05,55319.0,43262.26,98581.26
2025-05-06,55319.0,42820.63,98139.63
2025-05-07,55319.0,43451.26,98770.26
2025-05-08,55319.0,42239.26,97558.26
2025-05-09,55319.0,42525.79,97844.79
2025-05-12,55319.0,43877.44,99196.44
2025-05-13,55319.0,44190.5,99509.5
2025-05-14,55319.0,44269.2,99588.2
2025-05-15,55319.0,44642.59,99961.59
2025-05-16,55319.0,45046.85,100365.85
2025-05-19,55319.0,44565.89,99884.89
2025-05-20,55319.0,44501.28,99820.28
2025-05-21,55319.0,44490.35,99809.35
2025-05-22,55319.0,44296.82,99615.82
2025-05-23,55319.0,44676.31,99995.31
2025-05-26,55319.0,44475.58,99794.58
2025-05-27,55319.0,43868.77,99187.77
2025-05-28,55319.0,43898.97,99217.97
2025-05-29,55319.0,43580.53,98899.53
2025-05-30,55319.0,43528.58,98847.58
2025-06-02,55319.0,43868.31,99187.31
2025-06-03,55319.0,43918.62,99237.62
2025-06-04,55319.0,43978.31,99297.31
2025-06-05,55319.0,43878.15,99197.15
2025-06-06,55319.0,44094.71,99413.71
2025-06-09,55319.0,44659.96,99978.96
2025-06-10,55319.0,46455.32,101774.32
2025-06-11,55319.0,47573.13,102892.13
2025-06-12,55319.0,46355.27,101674.27
2025-06-13,55319.0,45867.55,101186.55
2025-06-16,55319.0,46014.82,101333.82
2025-06-17,55319.0,45648.14,100967.14
2025-06-18,55319.0,45254.63,100573.63
2025-06-19,55319.0,44797.52,100116.52
2025-06-20,55319.0,45131.42,100450.42
2025-06-23,55319.0,44689.8,100008.8
2025-06-24,55319.0,44823.33,100142.33
2025-06-25,55319.0,45212.84,100531.84
2025-06-26,55319.0,45390.93,100709.93
2025-06-27,55319.0,45992.97,101311.97
2025-06-30,55319.0,46175.62,101494.62
2025-07-01,55319.0,46017.54,101336.54
2025-07-02,55319.0,45801.69,101120.69
2025-07-03,55319.0,45989.0,101308.0
2025-07-04,55319.0,46480.2,101799.2
2025-07-07,55319.0,46999.63,102318.63
2025-07-08,55319.0,47081.59,102400.59
2025-07-09,55319.0,47849.47,103168.47
2025-07-10,55319.0,48192.67,103511.67
2025-07-11,55319.0,47546.98,102865.98
2025-07-14,55319.0,47163.23,102482.23
2025-07-15,55319.0,47770.49,103089.49
2025-07-16,55319.0,47769.13,103088.13
2025-07-17,55319.0,47820.74,103139.74
2025-07-18,55319.0,47622.1,102941.1
2025-07-21,55319.0,47257.07,102576.07
2025-07-22,55319.0,47252.56,102571.56
2025-07-23,55319.0,47132.45,102451.45
2025-07-24,55319.0,47181.62,102500.62
2025-07-25,55319.0,46692.28,102011.28
2025-07-28,55319.0,46465.74,101784.74
2025-07-29,55319.0,46332.27,101651.27
2025-07-30,55319.0,46003.09,101322.09
2025-07-31,55319.0,45820.79,101139.79
2025-08-01,55319.0,45838.48,101157.48
2025-08-04,55319.0,46147.41,101466.41
2025-08-05,55319.0,46199.36,101518.36
2025-08-06,55319.0,46337.09,101656.09
2025-08-07,55319.0,46155.4,101474.4
2025-08-08,55319.0,46470.0,101789.0
2025-08-11,55319.0,46219.76,101538.76
2025-08-12,55319.0,46131.0,101450.0
2025-08-13,55319.0,46502.99,101821.99
2025-08-14,55319.0,46476.58,101795.58
2025-08-18,55319.0,46615.42,101934.42
2025-08-19,55319.0,47794.5,103113.5
2025-08-20,55319.0,48158.26,103477.26
2025-08-21,55319.0,48207.69,103526.69
2025-08-22,55319.0,47846.45,103165.45
2025-08-25,55319.0,47855.41,103174.41
2025-08-26,55319.0,48902.03,104221.03
2025-08-28,55319.0,49301.77,104620.77
