date,symbol,side,qty,price,stop,reason
2022-03-15,FLUOROCHEM,BUY,3,2842.0,2586.2286,ENTRY
2022-03-15,RKFORGE,BUY,52,189.45,168.9257,ENTRY
2022-03-15,CERA,BUY,2,4494.25,4072.3785,ENTRY
2022-03-15,APLAPOLLO,BUY,10,918.65,838.1643,ENTRY
2022-03-15,CIPLA,BUY,9,1068.05,1009.9786,ENTRY
2022-03-23,RKFORGE,SELL,52,166.8,168.9257,STOP
2022-03-23,ITC,BUY,39,252.0,240.8929,ENTRY
2022-03-29,FLUOROCHEM,SELL,3,2783.6001,2802.9499,STOP
2022-03-29,USHAMART,BUY,80,124.7,109.8143,ENTRY
2022-04-01,CIPLA,SELL,9,1014.85,1009.9786,SMA20_BREAK
2022-04-01,GMDCLTD,BUY,52,192.25,172.9071,ENTRY
2022-04-07,CERA,SELL,2,4680.5498,4647.8,SMA20_BREAK
2022-04-07,SWANENERGY,BUY,28,270.75,239.9714,ENTRY
2022-04-18,GMDCLTD,SELL,52,195.1,195.7643,STOP
2022-04-18,SOLARINDS,BUY,3,3036.1499,2828.8785,ENTRY
2022-04-25,ITC,SELL,39,255.25,256.9,STOP
2022-04-25,SOLARINDS,SELL,3,2850.3,2828.8785,SMA20_BREAK
2022-04-25,AWL,BUY,13,764.95,688.2786,ENTRY
2022-04-25,BLS,BUY,100,82.7375,74.0071,ENTRY
2022-04-28,APLAPOLLO,SELL,10,1007.95,986.0928,SMA20_BREAK
2022-04-28,CHENNPETRO,BUY,33,254.15,217.3428,ENTRY
2022-05-02,USHAMART,SELL,80,141.85,142.1143,STOP
2022-05-02,AWL,SELL,13,753.6,760.0071,STOP
2022-05-02,MRPL,BUY,125,79.85,67.8571,ENTRY
2022-05-02,VBL,BUY,67,147.3133,131.3,ENTRY
2022-05-09,SWANENERGY,SELL,28,293.9,290.7143,SMA20_BREAK
2022-05-09,POWERGRID,BUY,54,183.8625,173.2286,ENTRY
2022-05-10,BLS,SELL,100,83.25,83.0196,SMA20_BREAK
2022-05-11,VBL,SELL,67,139.92,131.3,SMA20_BREAK
2022-05-12,CHENNPETRO,SELL,33,259.05,264.8071,STOP
2022-05-12,MRPL,SELL,125,66.85,67.8571,STOP
2022-05-12,GUJGASLTD,BUY,17,566.95,519.8143,ENTRY
2022-05-16,ESCORTS,BUY,6,1645.3,1546.8786,ENTRY
2022-05-17,MRPL,BUY,123,81.25,67.9143,ENTRY
2022-05-17,VBL,BUY,67,147.9867,134.5333,ENTRY
2022-05-18,POWERGRID,SELL,54,170.925,173.2286,STOP
2022-05-18,CHENNPETRO,BUY,30,313.8,274.0,ENTRY
2022-05-19,VBL,SELL,67,141.4867,134.5333,SMA20_BREAK
2022-05-19,VGUARD,BUY,44,224.25,207.5857,ENTRY
2022-05-25,ESCORTS,SELL,6,1573.55,1546.8786,SMA20_BREAK
2022-05-25,CHENNPETRO,SELL,30,294.1,303.9786,STOP
2022-05-25,ZFCVINDIA,BUY,1,8124.0498,7588.2853,ENTRY
2022-05-25,BAYERCROP,BUY,2,4974.2998,4556.9141,ENTRY
2022-05-30,MRPL,SELL,123,77.8,79.3,STOP
2022-05-30,UNOMINDA,BUY,21,469.925,420.5893,ENTRY
2022-05-31,ZFCVINDIA,SELL,1,7607.75,7588.2853,SMA20_BREAK
2022-05-31,FINPIPE,BUY,61,157.0,142.9714,ENTRY
2022-06-06,GUJGASLTD,SELL,17,551.6,538.25,SMA20_BREAK
2022-06-06,UNOMINDA,SELL,21,435.275,420.5893,SMA20_BREAK
2022-06-06,APARINDS,BUY,13,769.1,687.9285,ENTRY
2022-06-06,PGEL,BUY,99,92.48,78.8093,ENTRY
2022-06-13,VGUARD,SELL,44,218.05,221.95,STOP
2022-06-13,FINPIPE,SELL,61,147.85,150.6643,STOP
2022-06-13,BAJAJ-AUTO,BUY,2,3881.25,3661.2572,ENTRY
2022-06-14,BAJAJ-AUTO,SELL,2,3681.75,3661.2572,SMA20_BREAK
2022-06-14,BLS,BUY,97,102.3,93.275,ENTRY
2022-06-14,WESTLIFE,BUY,20,471.75,442.65,ENTRY
2022-06-15,BAYERCROP,SELL,2,5007.2998,5008.4144,STOP
2022-06-15,KIRLOSBROS,BUY,31,307.2,268.0286,ENTRY
2022-06-20,PGEL,SELL,99,84.2,82.0643,SMA20_BREAK
2022-06-20,WESTLIFE,SELL,20,460.25,448.6714,SMA20_BREAK
2022-06-20,INDUSTOWER,BUY,47,209.4,197.3143,ENTRY
2022-06-21,AJANTPHARM,BUY,7,1227.2,1154.4809,ENTRY
2022-06-22,BLS,SELL,97,96.0,98.0357,STOP
2022-06-22,ELECON,BUY,74,134.825,113.025,ENTRY
2022-06-29,INDUSTOWER,SELL,47,202.9,203.3786,STOP
2022-06-29,WESTLIFE,BUY,19,493.75,454.1643,ENTRY
2022-07-06,AJANTPHARM,SELL,7,1193.75,1171.4667,SMA20_BREAK
2022-07-06,LICHSGFIN,BUY,20,346.7,327.5429,ENTRY
2022-07-14,APARINDS,SELL,13,930.9,908.3143,SMA20_BREAK
2022-07-14,KIRLOSBROS,SELL,31,314.5,304.5357,SMA20_BREAK
2022-07-14,LAURUSLABS,BUY,19,521.65,493.8072,ENTRY
2022-07-14,CCL,BUY,24,409.3,381.2786,ENTRY
2022-07-26,LAURUSLABS,SELL,19,484.1,494.8214,STOP
2022-07-26,FLUOROCHEM,BUY,2,3442.1001,3187.3859,ENTRY
2022-07-27,WESTLIFE,SELL,19,513.3,501.2428,SMA20_BREAK
2022-07-27,LT,BUY,5,1796.65,1715.3001,ENTRY
2022-08-04,LICHSGFIN,SELL,20,371.95,375.5786,STOP
2022-08-04,ADANIENT,BUY,3,2723.6001,2622.2215,ENTRY
2022-08-12,ELECON,SELL,74,170.4,167.1107,SMA20_BREAK
2022-08-12,TATACHEM,BUY,8,1118.9,1048.9,ENTRY
2022-08-18,CCL,SELL,24,430.55,421.5357,SMA20_BREAK
2022-08-18,SAMMAANCAP,BUY,84,118.6434,107.1446,ENTRY
2022-08-25,FLUOROCHEM,SELL,2,3361.2,3346.65,SMA20_BREAK
2022-08-25,IDFCFIRSTB,BUY,204,48.95,45.8,ENTRY
2022-09-09,TATACHEM,SELL,8,1113.05,1052.2571,SMA20_BREAK
2022-09-09,KIRLOSENG,BUY,34,263.05,236.2143,ENTRY
2022-09-16,LT,SELL,5,1920.0,1915.2428,SMA20_BREAK
2022-09-16,SAMMAANCAP,SELL,84,113.4288,114.3712,STOP
2022-09-16,TATAINVEST,BUY,3,2767.1001,2459.5073,ENTRY
2022-09-16,KARURVYSYA,BUY,132,75.4167,67.1369,ENTRY
2022-09-21,KIRLOSENG,SELL,34,234.5,236.2143,STOP
2022-09-21,DBREALTY,BUY,79,125.85,115.1571,ENTRY
2022-09-23,IDFCFIRSTB,SELL,204,48.7,49.3429,STOP
2022-09-23,TATAINVEST,SELL,3,2430.8501,2459.5073,STOP
2022-09-23,ITC,BUY,28,346.4,335.7357,ENTRY
2022-09-23,TIINDIA,BUY,3,2772.3501,2546.793,ENTRY
2022-09-26,ADANIENT,SELL,3,3586.2,3603.743,STOP
2022-09-26,KARURVYSYA,SELL,132,66.0833,67.1369,STOP
2022-09-26,DBREALTY,SELL,79,119.25,121.0071,STOP
2022-09-26,ITC,SELL,28,332.6,335.7357,STOP
2022-09-26,TARIL,BUY,364,27.45,22.9714,ENTRY
2022-09-26,JMFINANCIL,BUY,133,75.15,68.6357,ENTRY
2022-09-26,EMAMILTD,BUY,19,521.85,487.0214,ENTRY
2022-09-26,CGCL,BUY,14,695.4875,664.5762,ENTRY
2022-09-27,TIINDIA,SELL,3,2577.7,2546.793,SMA20_BREAK
2022-09-27,EMAMILTD,SELL,19,499.95,487.0214,SMA20_BREAK
2022-09-27,CGCL,SELL,14,688.2039,664.5762,SMA20_BREAK
2022-09-27,KIMS,BUY,36,275.11,253.1457,ENTRY
2022-09-27,LALPATHLAB,BUY,3,2649.1499,2487.0927,ENTRY
2022-09-28,FLUOROCHEM,BUY,2,3878.7,3568.7643,ENTRY
2022-09-30,LALPATHLAB,SELL,3,2518.75,2522.2287,STOP
2022-09-30,SOLARINDS,BUY,2,3916.8,3595.9716,ENTRY
2022-10-10,JMFINANCIL,SELL,133,68.95,68.6357,SMA20_BREAK
2022-10-10,RENUKA,BUY,153,65.35,56.7214,ENTRY
2022-10-11,TARIL,SELL,364,25.975,24.2857,SMA20_BREAK
2022-10-11,TIMKEN,BUY,3,3299.3999,3080.057,ENTRY
2022-10-14,TIMKEN,SELL,3,3076.1499,3080.057,STOP
2022-10-14,SUNPHARMA,BUY,10,976.3,934.1071,ENTRY
2022-10-19,FLUOROCHEM,SELL,2,3717.7,3816.45,STOP
2022-10-19,BLUESTARCO,BUY,16,608.375,574.9214,ENTRY
2022-10-21,KIMS,SELL,36,281.62,275.6829,SMA20_BREAK
2022-10-21,RENUKA,SELL,153,58.65,57.4214,SMA20_BREAK
2022-10-21,TRITURBINE,BUY,34,286.8,258.4928,ENTRY
2022-10-21,GODFRYPHLP,BUY,7,1423.45,1307.3285,ENTRY
2022-10-25,SOLARINDS,SELL,2,3886.3,3783.307,SMA20_BREAK
2022-10-25,PERSISTENT,BUY,5,1914.65,1792.8286,ENTRY
2022-11-09,BLUESTARCO,SELL,16,600.825,582.275,SMA20_BREAK
2022-11-09,INDIANB,BUY,35,267.45,244.7286,ENTRY
2022-11-10,SUNPHARMA,SELL,10,1010.65,1010.8142,STOP
2022-11-10,PERSISTENT,SELL,5,1832.275,1792.8286,SMA20_BREAK
2022-11-10,BHARATFORG,BUY,11,880.4,839.3,ENTRY
2022-11-10,UNIONBANK,BUY,149,66.85,61.55,ENTRY
2022-11-11,TRITURBINE,SELL,34,272.2,273.3285,STOP
2022-11-11,ADANIENT,BUY,2,4008.8501,3789.0715,ENTRY
2022-11-16,BHARATFORG,SELL,11,838.8,846.2643,STOP
2022-11-16,IRFC,BUY,371,26.95,25.35,ENTRY
2022-11-29,ADANIENT,SELL,2,3878.3999,3840.4072,SMA20_BREAK
2022-11-29,BANKINDIA,BUY,30,83.75,77.0929,ENTRY
2022-12-09,INDIANB,SELL,35,272.65,277.6786,STOP
2022-12-09,IRFC,SELL,371,31.05,32.0857,STOP
2022-12-09,UCOBANK,BUY,423,23.6,20.6571,ENTRY
2022-12-09,IFCI,BUY,684,14.6,13.05,ENTRY
2022-12-16,UNIONBANK,SELL,149,84.7,84.8857,STOP
2022-12-16,BANKINDIA,SELL,30,91.05,91.5429,STOP
2022-12-16,SWANENERGY,BUY,34,293.5,262.6214,ENTRY
2022-12-16,FACT,BUY,3,268.55,236.5786,ENTRY
2022-12-20,UCOBANK,SELL,423,31.2,31.7071,STOP
2022-12-20,GRAVITA,BUY,21,459.8,407.3643,ENTRY
2022-12-21,IFCI,SELL,684,13.55,14.2857,STOP
2022-12-21,UTIAMC,BUY,11,884.9,823.1357,ENTRY
2022-12-22,GODFRYPHLP,SELL,7,1818.4,1876.1428,STOP
2022-12-22,BALKRISIND,BUY,4,2152.6499,2060.6713,ENTRY
2022-12-23,FACT,SELL,3,243.0,251.6,STOP
2022-12-23,GRAVITA,SELL,21,403.8,407.3643,STOP
2022-12-23,BALKRISIND,SELL,4,2073.7,2060.6713,SMA20_BREAK
2022-12-26,USHAMART,BUY,59,168.8,151.1286,ENTRY
2022-12-27,NAVA,BUY,82,121.375,107.6107,ENTRY
2022-12-27,FINPIPE,BUY,53,185.85,164.0,ENTRY
2023-01-06,UTIAMC,SELL,11,823.55,823.1357,SMA20_BREAK
2023-01-06,FINPIPE,SELL,53,178.6,167.75,SMA20_BREAK
2023-01-06,HAVELLS,BUY,8,1192.5,1130.3785,ENTRY
2023-01-06,ANANDRATHI,BUY,24,370.825,355.0964,ENTRY
2023-01-20,NAVA,SELL,82,121.55,113.0,SMA20_BREAK
2023-01-20,HAVELLS,SELL,8,1153.6,1152.5714,SMA20_BREAK
2023-01-20,TARIL,BUY,257,38.775,33.8857,ENTRY
2023-01-20,ACE,BUY,17,337.1,315.55,ENTRY
2023-01-27,USHAMART,SELL,59,180.25,179.8,SMA20_BREAK
2023-01-27,CHENNPETRO,BUY,41,241.95,223.6214,ENTRY
2023-01-30,SWANENERGY,SELL,34,326.25,331.35,STOP
2023-01-30,JWL,BUY,85,117.4,106.7,ENTRY
2023-02-02,ANANDRATHI,SELL,24,381.45,397.6821,STOP
2023-02-02,JWL,SELL,85,111.1,111.9,STOP
2023-02-02,NEWGEN,BUY,45,218.15,198.0893,ENTRY
2023-02-02,POLYCAB,BUY,3,3001.5,2836.4286,ENTRY
2023-02-06,TARIL,SELL,257,33.225,33.8857,STOP
2023-02-06,ECLERX,BUY,6,1504.45,1412.9071,ENTRY
2023-02-15,ECLERX,SELL,6,1405.95,1421.1142,STOP
2023-02-15,SWSOLAR,BUY,32,305.45,283.1214,ENTRY
2023-02-21,CHENNPETRO,SELL,41,239.0,229.6572,SMA20_BREAK
2023-02-21,JINDALSAW,BUY,130,76.7,69.7786,ENTRY
2023-02-27,ACE,SELL,17,349.05,349.3357,STOP
2023-02-27,NEWGEN,SELL,45,218.075,211.1893,SMA20_BREAK
2023-02-27,POLYCAB,SELL,3,2995.95,2937.393,SMA20_BREAK
2023-02-27,SWSOLAR,SELL,32,295.05,283.2071,SMA20_BREAK
2023-02-27,ZFCVINDIA,BUY,1,10376.3496,9869.321,ENTRY
2023-02-27,CRISIL,BUY,2,3341.6499,3169.8499,ENTRY
2023-02-27,THERMAX,BUY,4,2159.0,2010.8428,ENTRY
2023-02-27,GAIL,BUY,96,104.15,100.0429,ENTRY
2023-03-10,ZFCVINDIA,SELL,1,10195.25,10129.829,SMA20_BREAK
2023-03-10,PGEL,BUY,70,142.335,130.7129,ENTRY
2023-03-13,CRISIL,SELL,2,3248.45,3294.4215,STOP
2023-03-13,OLECTRA,BUY,14,711.3,611.6928,ENTRY
2023-03-15,JINDALSAW,SELL,130,78.15,79.0714,STOP
2023-03-15,TORNTPOWER,BUY,18,538.05,512.8786,ENTRY
2023-03-16,PGEL,SELL,70,137.075,130.7129,SMA20_BREAK
2023-03-16,OLECTRA,SELL,14,598.15,611.6928,STOP
2023-03-16,BPCL,BUY,56,175.45,168.3893,ENTRY
2023-03-16,GPPL,BUY,88,112.9,103.85,ENTRY
2023-03-21,GAIL,SELL,96,105.1,106.0071,STOP
2023-03-21,TORNTPOWER,SELL,18,519.15,520.5643,STOP
2023-03-21,ZEEL,BUY,46,213.75,197.8929,ENTRY
2023-03-21,USHAMART,BUY,47,212.0,195.3714,ENTRY
2023-03-24,GPPL,SELL,88,107.3,103.85,SMA20_BREAK
2023-03-24,ADANIGREEN,BUY,9,1029.35,941.5143,ENTRY
2023-03-27,THERMAX,SELL,4,2185.75,2179.7714,SMA20_BREAK
2023-03-27,SRF,BUY,4,2387.6499,2303.7642,ENTRY
2023-03-28,BPCL,SELL,56,169.925,172.1964,STOP
2023-03-28,ADANIGREEN,SELL,9,935.65,941.5143,STOP
2023-03-28,AUROPHARMA,BUY,19,511.45,480.7357,ENTRY
2023-03-28,ALKEM,BUY,3,3240.8,3091.3429,ENTRY
2023-04-10,USHAMART,SELL,47,210.65,209.3,SMA20_BREAK
2023-04-10,MANAPPURAM,BUY,78,128.15,119.8143,ENTRY
2023-04-13,ZEEL,SELL,46,208.15,201.9929,SMA20_BREAK
2023-04-13,ESCORTS,BUY,4,1961.95,1866.0142,ENTRY
2023-05-03,MANAPPURAM,SELL,78,113.95,123.4643,STOP
2023-05-03,HEG,BUY,42,225.85,211.2686,ENTRY
2023-05-12,ALKEM,SELL,3,3408.8,3494.7858,STOP
2023-05-12,MOTHERSON,BUY,189,52.2333,50.1857,ENTRY
2023-05-17,SRF,SELL,4,2471.3501,2510.1713,STOP
2023-05-17,GRAPHITE,BUY,28,342.5,319.9714,ENTRY
2023-05-18,AUROPHARMA,SELL,19,599.8,609.6214,STOP
2023-05-18,CHOLAHLDNG,BUY,12,825.95,749.0143,ENTRY
2023-05-23,HEG,SELL,42,234.06,236.9314,STOP
2023-05-23,CHOLAFIN,BUY,9,1060.65,1001.2214,ENTRY
2023-05-24,GRAPHITE,SELL,28,324.25,323.8357,SMA20_BREAK
2023-05-24,INTELLECT,BUY,17,564.65,525.9429,ENTRY
2023-05-25,ESCORTS,SELL,4,2047.6,2020.6858,SMA20_BREAK
2023-05-25,INDIGO,BUY,4,2305.7,2209.6785,ENTRY
2023-06-01,MOTHERSON,SELL,189,52.6,51.881,SMA20_BREAK
2023-06-01,ZENSARTECH,BUY,25,388.75,351.1429,ENTRY
2023-06-13,INDIGO,SELL,4,2340.0,2366.1642,STOP
2023-06-13,ASTRAL,BUY,4,2006.95,1918.9071,ENTRY
2023-06-20,ZENSARTECH,SELL,25,384.7,372.8643,SMA20_BREAK
2023-06-20,GODREJAGRO,BUY,21,456.5,440.7,ENTRY
2023-06-23,CHOLAHLDNG,SELL,12,869.1,874.35,STOP
2023-06-23,CHOLAFIN,SELL,9,1090.15,1091.6071,STOP
2023-06-23,TRENT,BUY,5,1724.95,1650.6071,ENTRY
2023-06-23,TORNTPHARM,BUY,5,1863.05,1808.0,ENTRY
2023-07-04,ASTRAL,SELL,4,1924.4,1918.9071,SMA20_BREAK
2023-07-04,TORNTPHARM,SELL,5,1877.75,1885.3572,STOP
2023-07-04,DRREDDY,BUY,9,1037.6801,999.0044,ENTRY
2023-07-04,JBMA,BUY,13,732.075,662.1786,ENTRY
2023-07-06,JBMA,SELL,13,649.975,671.5178,STOP
2023-07-06,MRPL,BUY,110,90.4,81.5071,ENTRY
2023-07-07,INTELLECT,SELL,17,601.8,597.8214,SMA20_BREAK
2023-07-07,TRENT,SELL,5,1702.85,1691.0572,SMA20_BREAK
2023-07-07,WOCKPHARMA,BUY,40,247.45,224.6357,ENTRY
2023-07-07,MUTHOOTFIN,BUY,7,1268.25,1215.1715,ENTRY
2023-07-13,GODREJAGRO,SELL,21,457.25,452.6857,SMA20_BREAK
2023-07-13,GILLETTE,BUY,1,5421.0,5131.8783,ENTRY
2023-07-14,WOCKPHARMA,SELL,40,235.7,227.8429,SMA20_BREAK
2023-07-14,ANANDRATHI,BUY,19,521.4,487.7714,ENTRY
2023-07-24,GILLETTE,SELL,1,5507.8999,5586.1855,STOP
2023-07-24,INDIANB,BUY,29,335.9,320.4571,ENTRY
2023-07-25,MRPL,SELL,110,82.05,81.5071,SMA20_BREAK
2023-07-25,SUPREMEIND,BUY,2,3748.3,3518.4929,ENTRY
2023-07-28,SUPREMEIND,SELL,2,3359.8,3518.4929,STOP
2023-07-28,SUNTV,BUY,18,543.05,506.7571,ENTRY
2023-08-14,MUTHOOTFIN,SELL,7,1282.2,1316.0571,STOP
2023-08-14,IRFC,BUY,94,50.85,44.8571,ENTRY
2023-08-25,DRREDDY,SELL,9,1155.85,1151.6858,SMA20_BREAK
2023-08-25,SWANENERGY,BUY,31,301.5,272.75,ENTRY
2023-08-30,INDIANB,SELL,29,380.55,375.6072,SMA20_BREAK
2023-08-30,SOLARINDS,BUY,2,4900.5,4603.0499,ENTRY
2023-09-05,ANANDRATHI,SELL,19,696.975,662.4893,SMA20_BREAK
2023-09-05,WHIRLPOOL,BUY,6,1664.45,1593.2285,ENTRY
2023-09-06,SOLARINDS,SELL,2,4596.75,4603.0499,STOP
2023-09-06,ALOKINDS,BUY,460,21.7,19.4071,ENTRY
2023-09-12,SWANENERGY,SELL,31,279.0,285.5786,STOP
2023-09-12,ALOKINDS,SELL,460,18.3,19.6214,STOP
2023-09-12,LEMONTREE,BUY,84,117.65,108.2214,ENTRY
2023-09-12,NAUKRI,BUY,11,903.16,865.1571,ENTRY
2023-09-13,WHIRLPOOL,SELL,6,1628.9,1633.6001,STOP
2023-09-13,GMDCLTD,BUY,34,291.2,250.3429,ENTRY
2023-09-15,SUNTV,SELL,18,596.2,585.6643,SMA20_BREAK
2023-09-15,IDEA,BUY,854,11.7,10.1714,ENTRY
2023-09-21,IRFC,SELL,94,74.45,75.9786,STOP
2023-09-21,DCMSHRIRAM,BUY,9,1060.6,951.4714,ENTRY
2023-09-22,NAUKRI,SELL,11,860.07,865.1571,STOP
2023-09-22,BAYERCROP,BUY,1,5394.1001,5076.9216,ENTRY
2023-09-29,LEMONTREE,SELL,84,113.75,112.3357,SMA20_BREAK
2023-09-29,IOB,BUY,213,46.75,39.1,ENTRY
2023-10-05,IDEA,SELL,854,11.2,10.4,SMA20_BREAK
2023-10-05,ECLERX,BUY,4,2022.25,1851.1143,ENTRY
2023-10-10,DCMSHRIRAM,SELL,9,1049.5,1019.1357,SMA20_BREAK
2023-10-10,ANANDRATHI,BUY,10,949.625,868.3643,ENTRY
2023-10-12,BAYERCROP,SELL,1,5276.6499,5150.6714,SMA20_BREAK
2023-10-12,IFCI,BUY,331,26.0,22.2643,ENTRY
2023-10-13,IOB,SELL,213,43.25,40.6571,SMA20_BREAK
2023-10-13,POWERINDIA,BUY,2,4450.5,4202.0928,ENTRY
2023-10-20,IFCI,SELL,331,23.5,22.2643,SMA20_BREAK
2023-10-20,PRESTIGE,BUY,13,743.8,676.0785,ENTRY
2023-10-23,GMDCLTD,SELL,34,352.8,366.0071,STOP
2023-10-23,ECLERX,SELL,4,1936.85,1970.3572,STOP
2023-10-23,POWERINDIA,SELL,2,4314.3501,4367.2212,STOP
2023-10-23,BSE,BUY,17,569.05,519.8952,ENTRY
2023-10-23,RAINBOW,BUY,8,1111.35,1047.7857,ENTRY
2023-10-23,ICICIGI,BUY,7,1399.05,1341.7144,ENTRY
2023-10-26,ANANDRATHI,SELL,10,910.95,880.7036,SMA20_BREAK
2023-10-26,ANGELONE,BUY,4,2413.8999,2178.1785,ENTRY
2023-10-31,RAINBOW,SELL,8,1063.15,1062.3214,SMA20_BREAK
2023-10-31,MCX,BUY,4,2330.8999,2153.9285,ENTRY
2023-11-07,ANGELONE,SELL,4,2536.55,2559.2858,STOP
2023-11-07,SUZLON,BUY,217,37.35,33.6143,ENTRY
2023-11-09,ICICIGI,SELL,7,1357.2,1341.7144,SMA20_BREAK
2023-11-09,SWANENERGY,BUY,23,413.9,369.0929,ENTRY
2023-11-21,BSE,SELL,17,716.4833,720.4286,STOP
2023-11-21,ALKEM,BUY,1,4488.2998,4275.8855,ENTRY
2023-11-22,SUZLON,SELL,217,37.35,38.7214,STOP
2023-11-22,TRENT,BUY,3,2627.1499,2484.7356,ENTRY
2023-12-01,SWANENERGY,SELL,23,415.25,390.1571,SMA20_BREAK
2023-12-01,PFC,BUY,27,365.15,337.75,ENTRY
2023-12-20,MCX,SELL,4,3111.3999,3070.4571,SMA20_BREAK
2023-12-20,PFC,SELL,27,381.85,393.2286,STOP
2023-12-20,INOXWIND,BUY,94,105.5875,92.7429,ENTRY
2023-12-20,HDFCBANK,BUY,12,828.5,805.05,ENTRY
2023-12-21,PRESTIGE,SELL,13,1064.15,1075.1499,STOP
2023-12-21,BDL,BUY,12,770.6,696.0571,ENTRY
2024-01-08,HDFCBANK,SELL,12,831.725,832.6964,STOP
2024-01-08,JBMA,BUY,10,942.275,850.3036,ENTRY
2024-01-10,INOXWIND,SELL,94,113.9375,117.0786,STOP
2024-01-10,SIGNATURE,BUY,8,1123.6,1045.75,ENTRY
2024-01-11,ALKEM,SELL,1,5057.75,5035.7573,SMA20_BREAK
2024-01-11,VOLTAS,BUY,9,1055.7,1007.6642,ENTRY
2024-01-23,BDL,SELL,12,834.825,820.125,SMA20_BREAK
2024-01-23,VOLTAS,SELL,9,1007.25,1012.0928,STOP
2024-01-23,RAILTEL,BUY,25,387.25,348.4643,ENTRY
2024-01-23,TARIL,BUY,72,137.975,122.3857,ENTRY
2024-01-30,TRENT,SELL,3,3054.95,3096.9142,STOP
2024-01-30,BLS,BUY,19,409.45,376.6643,ENTRY
2024-02-06,TARIL,SELL,72,162.2,162.2143,STOP
2024-02-06,PCBL,BUY,30,324.1,289.5071,ENTRY
2024-02-09,RAILTEL,SELL,25,396.85,390.6286,SMA20_BREAK
2024-02-09,BLS,SELL,19,384.9,386.3071,STOP
2024-02-09,OFSS,BUY,1,7525.75,6823.5215,ENTRY
2024-02-09,KFINTECH,BUY,14,679.3,626.0714,ENTRY
2024-02-12,PCBL,SELL,30,295.65,300.2571,STOP
2024-02-12,PERSISTENT,BUY,2,4352.375,4091.3893,ENTRY
2024-02-13,KFINTECH,SELL,14,621.25,626.0714,STOP
2024-02-13,SWANENERGY,BUY,14,709.1,645.6857,ENTRY
2024-02-21,PERSISTENT,SELL,2,4259.9502,4240.1071,SMA20_BREAK
2024-02-21,SUNPHARMA,BUY,6,1543.4,1484.3572,ENTRY
2024-03-04,JBMA,SELL,10,1044.5,1071.275,STOP
2024-03-04,SBIN,BUY,12,772.05,735.1,ENTRY
2024-03-06,SWANENERGY,SELL,14,696.65,693.6571,SMA20_BREAK
2024-03-06,SUNDARMFIN,BUY,2,4199.5498,3994.1996,ENTRY
2024-03-11,SUNDARMFIN,SELL,2,3978.8501,3994.1996,STOP
2024-03-11,GODFRYPHLP,BUY,2,3637.05,3337.0359,ENTRY
2024-03-12,SIGNATURE,SELL,8,1355.2,1357.0786,STOP
2024-03-12,SBIN,SELL,12,759.7,756.9428,SMA20_BREAK
2024-03-12,GODFRYPHLP,SELL,2,3246.3501,3337.0359,STOP
2024-03-12,SIEMENS,BUY,2,4782.4502,4536.6287,ENTRY
2024-03-12,JIOFIN,BUY,27,361.85,325.7714,ENTRY
2024-03-12,ICICIPRULI,BUY,16,600.5,563.2643,ENTRY
2024-03-13,SUNPHARMA,SELL,6,1558.6,1551.2286,SMA20_BREAK
2024-03-13,INTELLECT,BUY,8,1129.75,1023.7714,ENTRY
2024-03-19,SIEMENS,SELL,2,4639.8501,4557.0355,SMA20_BREAK
2024-03-19,ICICIPRULI,SELL,16,549.6,563.2643,STOP
2024-03-19,INTELLECT,SELL,8,1052.65,1059.3428,STOP
2024-03-19,KPRMILL,BUY,12,800.1,747.9428,ENTRY
2024-03-19,CGPOWER,BUY,20,479.0,437.8643,ENTRY
2024-03-19,SAPPHIRE,BUY,32,303.77,277.4986,ENTRY
2024-04-03,SAPPHIRE,SELL,32,302.2,289.7057,SMA20_BREAK
2024-04-03,TORNTPOWER,BUY,6,1480.8,1300.8143,ENTRY
2024-04-09,OFSS,SELL,1,8390.4004,8252.0356,SMA20_BREAK
2024-04-09,CGPOWER,SELL,20,501.75,503.0929,STOP
2024-04-09,MUTHOOTFIN,BUY,5,1675.75,1567.2357,ENTRY
2024-04-09,DMART,BUY,2,4716.1499,4427.3283,ENTRY
2024-04-10,KPRMILL,SELL,12,809.25,794.4286,SMA20_BREAK
2024-04-10,TARIL,BUY,38,260.475,234.1179,ENTRY
2024-04-15,JIOFIN,SELL,27,354.3,353.2,SMA20_BREAK
2024-04-15,THERMAX,BUY,2,4709.0498,4359.3856,ENTRY
2024-04-24,THERMAX,SELL,2,4436.3999,4471.5428,STOP
2024-04-24,MOTILALOFS,BUY,16,588.25,534.0893,ENTRY
2024-04-25,TARIL,SELL,38,330.55,331.0821,STOP
2024-04-25,VOLTAS,BUY,7,1427.4,1333.7929,ENTRY
2024-04-26,TORNTPOWER,SELL,6,1489.8,1417.8357,SMA20_BREAK
2024-04-26,DMART,SELL,2,4553.1499,4546.5855,SMA20_BREAK
2024-04-26,VEDL,BUY,25,396.55,362.7571,ENTRY
2024-04-26,EXIDEIND,BUY,21,466.65,410.1143,ENTRY
2024-05-07,VOLTAS,SELL,7,1389.2,1422.0858,STOP
2024-05-07,EICHERMOT,BUY,2,4622.3999,4418.3069,ENTRY
2024-05-08,MUTHOOTFIN,SELL,5,1659.3,1632.2429,SMA20_BREAK
2024-05-08,CROMPTON,BUY,29,340.0,320.3714,ENTRY
2024-05-09,MOTILALOFS,SELL,16,537.7875,586.0179,STOP
2024-05-09,TIMKEN,BUY,2,3457.55,3219.2073,ENTRY
2024-05-23,TIMKEN,SELL,2,3854.3501,3886.4145,STOP
2024-05-23,SCHAEFFLER,BUY,1,4600.3501,4222.1859,ENTRY
2024-05-30,VEDL,SELL,25,440.8,452.9071,STOP
2024-05-30,JWL,BUY,17,569.8,495.8571,ENTRY
2024-05-31,SCHAEFFLER,SELL,1,4241.5,4245.3928,STOP
2024-05-31,HAVELLS,BUY,4,1907.3,1811.6001,ENTRY
2024-06-03,EICHERMOT,SELL,2,4670.8501,4650.3359,SMA20_BREAK
2024-06-03,OBEROIRLTY,BUY,4,1883.95,1742.3714,ENTRY
2024-06-04,EXIDEIND,SELL,21,455.45,471.5857,STOP
2024-06-04,JWL,SELL,17,524.9,569.1572,STOP
2024-06-04,HAVELLS,SELL,4,1773.0,1811.6001,STOP
2024-06-04,MARICO,BUY,16,614.55,583.2071,ENTRY
2024-06-04,HEROMOTOCO,BUY,1,5310.7002,5017.1287,ENTRY
2024-06-04,HINDUNILVR,BUY,4,2496.3,2399.3858,ENTRY
2024-06-13,MARICO,SELL,16,611.25,615.0428,STOP
2024-06-13,FINCABLES,BUY,6,1566.7,1381.8642,ENTRY
2024-06-19,HINDUNILVR,SELL,4,2457.0,2478.7644,STOP
2024-06-19,SAPPHIRE,BUY,32,311.86,288.7228,ENTRY
2024-06-21,HEROMOTOCO,SELL,1,5452.0,5441.1071,SMA20_BREAK
2024-06-21,UNOMINDA,BUY,9,1081.05,956.3643,ENTRY
2024-06-25,OBEROIRLTY,SELL,4,1829.3,1780.4857,SMA20_BREAK
2024-06-25,SUNDRMFAST,BUY,6,1350.05,1270.1143,ENTRY
2024-06-28,CROMPTON,SELL,29,405.3,404.9571,SMA20_BREAK
2024-06-28,BAYERCROP,BUY,1,6712.3999,6219.2999,ENTRY
2024-07-09,FINCABLES,SELL,6,1601.15,1537.4,SMA20_BREAK
2024-07-09,AMBER,BUY,2,4567.9502,4228.443,ENTRY
2024-07-10,SAPPHIRE,SELL,32,311.07,298.17,SMA20_BREAK
2024-07-10,UNOMINDA,SELL,9,1060.25,1065.3929,STOP
2024-07-10,KALYANKJIL,BUY,19,503.9,461.0214,ENTRY
2024-07-10,NEULANDLAB,BUY,1,7920.3999,7173.9641,ENTRY
2024-07-19,BAYERCROP,SELL,1,6529.5498,6293.0142,SMA20_BREAK
2024-07-19,AMBER,SELL,2,4171.1001,4360.3785,STOP
2024-07-19,INFY,BUY,5,1792.95,1714.8642,ENTRY
2024-07-19,INDIACEM,BUY,28,347.05,319.19,ENTRY
2024-07-31,SUNDRMFAST,SELL,6,1401.65,1342.1643,SMA20_BREAK
2024-07-31,COLPAL,BUY,2,3412.1001,3235.1001,ENTRY
2024-08-05,INFY,SELL,5,1751.9,1799.8429,STOP
2024-08-05,LALPATHLAB,BUY,3,3160.1499,2997.6213,ENTRY
2024-08-06,KALYANKJIL,SELL,19,540.6,539.4571,SMA20_BREAK
2024-08-06,PFIZER,BUY,1,5792.8999,5413.8926,ENTRY
2024-08-20,INDIACEM,SELL,28,364.6,351.6214,SMA20_BREAK
2024-08-20,PCBL,BUY,23,423.3,371.1,ENTRY
2024-09-16,LALPATHLAB,SELL,3,3342.8999,3293.8,SMA20_BREAK
2024-09-16,PFIZER,SELL,1,5941.75,5983.3711,STOP
2024-09-16,GODREJIND,BUY,8,1221.85,1103.2786,ENTRY
2024-09-16,KIMS,BUY,14,574.3,532.4214,ENTRY
2024-09-19,COLPAL,SELL,2,3600.1499,3545.5573,SMA20_BREAK
2024-09-19,CONCORDBIO,BUY,3,2250.55,2035.0501,ENTRY
2024-09-23,NEULANDLAB,SELL,1,12408.8496,12008.9217,SMA20_BREAK
2024-09-23,BAJAJFINSV,BUY,5,1919.95,1829.7571,ENTRY
2024-09-24,CONCORDBIO,SELL,3,2224.5,2324.1858,STOP
2024-09-24,JMFINANCIL,BUY,69,143.68,127.6043,ENTRY
2024-10-01,GODREJIND,SELL,8,1192.15,1170.0715,SMA20_BREAK
2024-10-01,CHOLAHLDNG,BUY,4,2100.1499,1934.0285,ENTRY
2024-10-03,KIMS,SELL,14,541.8,532.4214,SMA20_BREAK
2024-10-03,BAJAJFINSV,SELL,5,1913.4,1917.1785,STOP
2024-10-03,RPOWER,BUY,186,53.64,49.6629,ENTRY
2024-10-03,SARDAEN,BUY,18,491.95,447.4357,ENTRY
2024-10-07,PCBL,SELL,23,502.2,527.0071,STOP
2024-10-07,RPOWER,SELL,186,48.4,49.6629,STOP
2024-10-07,RRKABEL,BUY,5,1772.3,1669.0429,ENTRY
2024-10-07,BASF,BUY,1,8235.9004,7443.9359,ENTRY
2024-10-08,CHOLAHLDNG,SELL,4,1937.9,1934.0285,SMA20_BREAK
2024-10-08,BSE,BUY,7,1414.2167,1197.9405,ENTRY
2024-10-18,RRKABEL,SELL,5,1723.2,1684.0714,SMA20_BREAK
2024-10-18,MCX,BUY,1,6561.1499,6161.0925,ENTRY
2024-10-21,BASF,SELL,1,7717.3501,7712.1567,SMA20_BREAK
2024-10-21,AMBER,BUY,1,6344.4502,5739.6572,ENTRY
2024-10-22,JMFINANCIL,SELL,69,138.36,143.09,STOP
2024-10-22,SARDAEN,SELL,18,463.05,458.8286,SMA20_BREAK
2024-10-22,BSE,SELL,7,1363.4166,1404.0738,STOP
2024-10-22,AMBER,SELL,1,5692.4502,5739.6572,STOP
2024-10-22,CUB,BUY,59,168.51,157.1229,ENTRY
2024-10-22,POLYMED,BUY,3,2524.25,2308.2857,ENTRY
2024-10-23,AMBER,BUY,1,6408.0498,5612.6927,ENTRY
2024-10-23,TECHM,BUY,5,1735.95,1640.0857,ENTRY
2024-10-31,TECHM,SELL,5,1608.65,1645.2357,STOP
2024-10-31,CRISIL,BUY,1,5474.75,5050.5213,ENTRY
2024-11-04,MCX,SELL,1,6457.25,6337.4141,SMA20_BREAK
2024-11-04,TARIL,BUY,20,479.25,428.2393,ENTRY
2024-11-05,POLYMED,SELL,3,2815.3,2823.7499,STOP
2024-11-05,BANKINDIA,BUY,90,110.37,102.97,ENTRY
2024-11-13,CUB,SELL,59,170.67,168.0871,SMA20_BREAK
2024-11-13,TARIL,SELL,20,445.025,455.3536,STOP
2024-11-13,BANKINDIA,SELL,90,104.74,106.0186,STOP
2024-11-14,CRISIL,SELL,1,5190.6001,5141.5785,SMA20_BREAK
2024-11-14,JSWHL,BUY,1,19420.1992,16867.6847,ENTRY
2024-11-14,RAINBOW,BUY,6,1649.75,1490.7714,ENTRY
2024-11-14,DCMSHRIRAM,BUY,7,1302.25,1156.8786,ENTRY
2024-11-14,INDHOTEL,BUY,7,741.35,695.4785,ENTRY
2024-11-21,JSWHL,SELL,1,16650.4492,16867.6847,STOP
2024-11-21,KIMS,BUY,17,584.0,538.8143,ENTRY
2024-11-26,DCMSHRIRAM,SELL,7,1159.75,1173.2785,STOP
2024-11-26,CCL,BUY,13,753.6,694.2857,ENTRY
2024-11-28,AMBER,SELL,1,5992.25,6036.5001,STOP
2024-11-28,RAINBOW,SELL,6,1524.15,1506.2357,SMA20_BREAK
2024-11-28,SYRMA,BUY,17,580.4,524.9571,ENTRY
2024-11-28,GRSE,BUY,5,1721.35,1571.2357,ENTRY
2024-12-06,SYRMA,SELL,17,550.9,531.9643,SMA20_BREAK
2024-12-06,JUBLFOOD,BUY,14,694.5,658.95,ENTRY
2024-12-13,KIMS,SELL,17,592.25,582.1214,SMA20_BREAK
2024-12-13,PGEL,BUY,10,916.55,830.5285,ENTRY
2024-12-16,CCL,SELL,13,766.6,755.9786,SMA20_BREAK
2024-12-16,SIEMENS,BUY,1,7968.9502,7615.5859,ENTRY
2024-12-19,GRSE,SELL,5,1654.75,1619.6571,SMA20_BREAK
2024-12-19,SIEMENS,SELL,1,7632.1499,7615.5859,SMA20_BREAK
2024-12-19,LEMONTREE,BUY,63,157.53,147.7743,ENTRY
2024-12-19,KFINTECH,BUY,6,1429.05,1310.2,ENTRY
2025-01-06,INDHOTEL,SELL,7,844.25,851.0071,STOP
2025-01-06,LEMONTREE,SELL,63,150.14,147.9957,SMA20_BREAK
2025-01-06,KFINTECH,SELL,6,1436.15,1445.0571,STOP
2025-01-06,PTCIL,BUY,1,15645.5,14282.321,ENTRY
2025-01-06,DEVYANI,BUY,50,197.75,180.3129,ENTRY
2025-01-06,TATACONSUM,BUY,3,946.9,910.95,ENTRY
2025-01-08,PGEL,SELL,10,950.5,903.3214,SMA20_BREAK
2025-01-08,ANANTRAJ,BUY,10,935.55,858.5143,ENTRY
2025-01-10,DEVYANI,SELL,50,180.19,180.3129,STOP
2025-01-10,LLOYDSME,BUY,6,1449.65,1337.0929,ENTRY
2025-01-13,JUBLFOOD,SELL,14,706.6,722.1214,STOP
2025-01-13,ANANTRAJ,SELL,10,825.0,858.5143,STOP
2025-01-13,HINDUNILVR,BUY,4,2451.0,2370.8572,ENTRY
2025-01-14,HINDUNILVR,SELL,4,2367.95,2370.8572,STOP
2025-01-14,BAJAJFINSV,BUY,5,1713.5,1633.2357,ENTRY
2025-01-14,SBILIFE,BUY,6,1499.25,1439.2714,ENTRY
2025-01-21,PTCIL,SELL,1,15572.9502,15646.4643,STOP
2025-01-21,SBILIFE,SELL,6,1466.55,1467.5786,STOP
2025-01-21,LTTS,BUY,1,5380.3999,5027.9997,ENTRY
2025-01-21,JSWSTEEL,BUY,10,926.85,890.1071,ENTRY
2025-01-24,LLOYDSME,SELL,6,1375.2,1337.0929,SMA20_BREAK
2025-01-24,WIPRO,BUY,31,320.1,300.3643,ENTRY
2025-01-29,TATACONSUM,SELL,3,960.5,944.3857,SMA20_BREAK
2025-01-29,BAJFINANCE,BUY,12,775.965,735.0657,ENTRY
2025-02-11,BAJAJFINSV,SELL,5,1744.85,1701.6715,SMA20_BREAK
2025-02-11,LTTS,SELL,1,5279.3999,5318.4287,STOP
2025-02-12,FLUOROCHEM,BUY,2,3841.1499,3497.9071,ENTRY
2025-02-12,INOXWIND,BUY,56,175.74,152.1086,ENTRY
2025-02-13,WIPRO,SELL,31,308.55,301.6857,SMA20_BREAK
2025-02-13,KOTAKBANK,BUY,5,1972.8,1887.5429,ENTRY
2025-02-24,INOXWIND,SELL,56,167.64,156.7086,SMA20_BREAK
2025-02-24,GLAXO,BUY,3,2638.1499,2302.0785,ENTRY
2025-02-25,JSWSTEEL,SELL,10,958.75,938.5286,SMA20_BREAK
2025-02-25,GLAND,BUY,6,1597.9,1476.4929,ENTRY
2025-02-28,FLUOROCHEM,SELL,2,3584.8501,3497.9071,SMA20_BREAK
2025-02-28,KOTAKBANK,SELL,5,1902.95,1902.9143,SMA20_BREAK
2025-02-28,CRAFTSMAN,BUY,2,4501.8501,4162.3215,ENTRY
2025-02-28,SBFC,BUY,113,88.27,81.5543,ENTRY
2025-03-05,BAJFINANCE,SELL,12,829.87,831.9193,STOP
2025-03-05,JSWSTEEL,BUY,9,1002.7,955.2286,ENTRY
2025-03-11,SBFC,SELL,113,85.05,81.5543,SMA20_BREAK
2025-03-11,PHOENIXLTD,BUY,6,1656.85,1528.7,ENTRY
2025-03-13,PHOENIXLTD,SELL,6,1564.5,1528.7,SMA20_BREAK
2025-03-13,SHYAMMETL,BUY,12,825.35,769.4071,ENTRY
2025-03-18,GLAND,SELL,6,1556.75,1512.1,SMA20_BREAK
2025-03-18,PTCIL,BUY,1,12362.4502,11255.5788,ENTRY
2025-04-01,CRAFTSMAN,SELL,2,4755.6499,4628.3644,SMA20_BREAK
2025-04-01,GRASIM,BUY,2,2619.0,2519.9929,ENTRY
2025-04-04,GLAXO,SELL,3,2739.25,2726.6642,SMA20_BREAK
2025-04-04,JSWSTEEL,SELL,9,1005.75,1023.8999,STOP
2025-04-04,PNBHOUSING,BUY,10,949.45,884.1071,ENTRY
2025-04-04,TORNTPHARM,BUY,3,3286.5,3128.4929,ENTRY
2025-04-07,SHYAMMETL,SELL,12,812.2,854.7429,STOP
2025-04-07,PTCIL,SELL,1,12800.5498,13733.0647,STOP
2025-04-07,GRASIM,SELL,2,2509.1001,2557.3357,STOP
2025-04-07,DELHIVERY,BUY,37,268.35,245.6757,ENTRY
2025-04-08,DELHIVERY,SELL,37,248.9,245.6757,SMA20_BREAK
2025-04-08,COROMANDEL,BUY,4,2063.45,1898.9357,ENTRY
2025-04-08,INDIGO,BUY,1,5157.0498,4823.0854,ENTRY
2025-04-08,RAINBOW,BUY,6,1479.65,1364.9786,ENTRY
2025-04-09,TORNTPHARM,SELL,3,3126.8,3128.4929,STOP
2025-04-09,ASTERDM,BUY,20,492.75,453.2428,ENTRY
2025-04-24,RAINBOW,SELL,6,1435.5,1442.0214,STOP
2025-04-24,TATACONSUM,BUY,8,1161.3,1084.4072,ENTRY
2025-05-07,INDIGO,SELL,1,5296.5,5222.0143,SMA20_BREAK
2025-05-07,UNITDSPR,BUY,6,1589.5,1514.2714,ENTRY
2025-05-08,TATACONSUM,SELL,8,1116.0,1103.9715,SMA20_BREAK
2025-05-08,ELECON,BUY,16,617.8,553.3286,ENTRY
2025-05-09,UNITDSPR,SELL,6,1531.2,1514.2714,SMA20_BREAK
2025-05-09,REDINGTON,BUY,37,259.35,236.0086,ENTRY
2025-05-23,PNBHOUSING,SELL,10,1043.2,1003.5285,SMA20_BREAK
2025-05-23,GVT&D,BUY,4,1885.1,1716.9285,ENTRY
2025-05-26,ASTERDM,SELL,20,546.4,548.7,STOP
2025-05-26,ENDURANCE,BUY,4,2395.7,2172.0428,ENTRY
2025-05-27,REDINGTON,SELL,37,261.04,264.1043,STOP
2025-05-27,CRISIL,BUY,1,5195.0,4856.8714,ENTRY
2025-05-29,COROMANDEL,SELL,4,2308.8999,2290.3287,SMA20_BREAK
2025-05-29,INTELLECT,BUY,8,1147.9,1037.4357,ENTRY
2025-06-12,ELECON,SELL,16,669.5,654.05,SMA20_BREAK
2025-06-12,CRISIL,SELL,1,5527.0,5530.2999,STOP
2025-06-12,PFIZER,BUY,1,5889.0,5575.6001,ENTRY
2025-06-12,GILLETTE,BUY,1,10264.0,9493.5714,ENTRY
2025-06-13,ENDURANCE,SELL,4,2401.1001,2368.7429,SMA20_BREAK
2025-06-13,DBREALTY,BUY,41,239.93,218.6814,ENTRY
2025-06-19,INTELLECT,SELL,8,1141.9,1129.8214,SMA20_BREAK
2025-06-19,DBREALTY,SELL,41,212.03,218.6814,STOP
2025-06-19,AIIL,BUY,3,2549.8,2375.2001,ENTRY
2025-06-19,WIPRO,BUY,37,265.58,255.7786,ENTRY
2025-06-20,PFIZER,SELL,1,5584.5,5590.5429,STOP
2025-06-20,MCX,BUY,1,8085.0,7483.1429,ENTRY
2025-06-27,GVT&D,SELL,4,2335.8,2235.0858,SMA20_BREAK
2025-06-27,NH,BUY,4,2263.2,2076.5143,ENTRY
2025-07-01,AIIL,SELL,3,2492.3999,2542.7285,STOP
2025-07-01,ABCAPITAL,BUY,35,280.8,264.73,ENTRY
2025-07-02,NH,SELL,4,1981.4,2076.5143,STOP
2025-07-02,DCMSHRIRAM,BUY,8,1237.9,1157.7715,ENTRY
2025-07-09,MCX,SELL,1,8442.0,8476.0714,STOP
2025-07-09,RBLBANK,BUY,33,260.61,242.1528,ENTRY
2025-07-10,GILLETTE,SELL,1,10442.0,10216.0714,SMA20_BREAK
2025-07-10,WIPRO,SELL,37,265.05,260.94,SMA20_BREAK
2025-07-10,AMBER,BUY,1,7753.0,7280.5,ENTRY
2025-07-10,GLENMARK,BUY,5,1904.0,1809.6571,ENTRY
2025-07-15,ABCAPITAL,SELL,35,270.75,264.73,SMA20_BREAK
2025-07-15,USHAMART,BUY,25,390.35,365.4286,ENTRY
2025-07-23,AMBER,SELL,1,7312.5,7317.6429,STOP
2025-07-23,CREDITACC,BUY,7,1354.9,1247.3714,ENTRY
2025-07-24,RBLBANK,SELL,33,256.4,250.1957,SMA20_BREAK
2025-07-24,LAURUSLABS,BUY,10,836.5,802.15,ENTRY
2025-07-25,USHAMART,SELL,25,367.7,365.4286,SMA20_BREAK
2025-07-25,SYRMA,BUY,13,728.15,666.0786,ENTRY
2025-07-28,CREDITACC,SELL,7,1273.7,1266.6142,SMA20_BREAK
2025-07-28,MEDANTA,BUY,7,1355.4,1275.7571,ENTRY
2025-08-01,DCMSHRIRAM,SELL,8,1374.3,1321.4714,SMA20_BREAK
2025-08-01,GLENMARK,SELL,5,2067.8,2077.6858,STOP
2025-08-01,LAURUSLABS,SELL,10,849.35,864.7286,STOP
2025-08-01,DIXON,BUY,1,16848.0,16106.8571,ENTRY
2025-08-01,LALPATHLAB,BUY,3,3177.2,2999.5715,ENTRY
2025-08-01,ECLERX,BUY,1,3799.2,3527.0,ENTRY
2025-08-07,SYRMA,SELL,13,710.4,704.6643,SMA20_BREAK
2025-08-07,PIDILITIND,BUY,3,3050.8,2940.2716,ENTRY
2025-08-08,DIXON,SELL,1,15864.0,16251.5714,STOP
2025-08-08,FORTIS,BUY,11,897.35,853.7,ENTRY
2025-08-22,ECLERX,SELL,1,3897.5,3768.4,SMA20_BREAK
2025-08-22,SUNDARMFIN,BUY,1,5268.3999,4919.3857,ENTRY
2025-08-25,FORTIS,SELL,11,915.15,919.5786,STOP
2025-08-25,CYIENT,BUY,8,1244.0,1196.0,ENTRY
2025-08-26,SUNDARMFIN,SELL,1,4878.8999,4919.3857,STOP
2025-08-26,RTNINDIA,BUY,171,58.2,53.3914,ENTRY
2025-08-28,CYIENT,SELL,8,1176.6,1196.0,STOP
2025-08-28,DEVYANI,BUY,57,175.17,163.0843,ENTRY
